hidden_size,num_layers,learning_rate,dropout,seq_len,batch_size,conv_layout,conv_out_channels,conv_kernel_size,feature_mode,corr_threshold,final_equity,total_return_pct,trades,hit_rate,max_drawdown,RoverMDD,time_s
128,2,0.0005,0.5,60,64,single,16,5,auto,0.92,100718.48567460921,0.0071848567460921185,27,0.5925925925925926,-0.001152853283447386,6.23223861115023,6.9
128,2,0.001,0.35,40,64,single,16,5,auto,0.92,100853.23089587488,0.008532308958748763,30,0.6666666666666666,-0.0015273174123864308,5.586467416368314,5.8
64,2,0.001,0.5,40,128,double,16,5,auto,0.85,100431.01309270275,0.004310130927027494,30,0.6333333333333333,-0.0008538264485874469,5.0480175850233815,4.2
192,3,0.0005,0.2,60,128,double,16,5,manual,0.85,100235.2598053267,0.002352598053266993,21,0.7142857142857143,-0.0005233226481288211,4.49550208017727,28.8
128,1,0.0005,0.2,60,64,double,16,5,auto,0.92,100911.67619448561,0.009116761944856116,29,0.5172413793103449,-0.0020486215034687394,4.450193424905262,8.5
192,2,0.0005,0.2,60,64,single,16,3,auto,0.85,100911.65355085091,0.009116535508509114,41,0.5609756097560976,-0.0021311228745162225,4.27780848186833,16.3
192,1,0.001,0.2,40,64,double,16,5,auto,0.92,100757.09956516455,0.0075709956516454985,29,0.4482758620689655,-0.002080253141595989,3.639458823668432,9.3
128,1,0.0005,0.2,60,128,double,32,3,all,0.85,100988.58914699583,0.009885891469958297,28,0.6428571428571429,-0.0027289477179295307,3.6226020033314463,5.5
64,3,0.0005,0.5,60,64,single,16,5,auto,0.92,100353.10106013354,0.003531010601335438,14,0.7857142857142857,-0.0010465083458995883,3.374087378443359,8.2
192,3,0.0005,0.35,60,128,double,16,5,manual,0.85,100208.39756967388,0.0020839756967387804,29,0.6551724137931034,-0.0006597190776503892,3.158883481376539,25.7
192,3,0.001,0.2,60,64,double,32,5,all,0.85,100616.72624386361,0.0061672624386360985,17,0.5882352941176471,-0.002068670448934551,2.9812686896612695,20.5
192,2,0.0005,0.2,40,128,double,16,5,manual,0.85,100274.3384612825,0.0027433846128250296,25,0.72,-0.0009385923275312402,2.9228713386576435,14.9
192,3,0.0005,0.2,40,64,single,32,3,all,0.85,100584.08106042215,0.0058408106042214785,27,0.6666666666666666,-0.002101313783182346,2.7795994348715647,16.0
192,2,0.001,0.2,60,64,double,32,5,auto,0.85,100413.66320858404,0.004136632085840392,23,0.5217391304347826,-0.0015324967874917883,2.6992761874631714,15.0
64,1,0.0005,0.35,60,128,double,16,3,auto,0.92,100311.30919498822,0.0031130919498822186,25,0.52,-0.001506135894556171,2.0669396175566126,5.2
192,2,0.0005,0.2,60,128,single,16,3,auto,0.85,100433.09368009835,0.004330936800983473,33,0.48484848484848486,-0.00218995824242596,1.9776344210955414,19.7
64,3,0.0005,0.5,60,64,double,16,5,all,0.85,100081.60746401866,0.0008160746401865617,12,0.6666666666666666,-0.0004990455575442088,1.6352708241757437,8.2
128,3,0.001,0.35,20,128,double,16,3,all,0.85,100217.59899010614,0.0021759899010614027,23,0.5652173913043478,-0.0013721884963187048,1.5857806029558834,6.4
192,1,0.0005,0.2,20,64,single,32,3,auto,0.85,100164.00199083755,0.0016400199083755433,19,0.47368421052631576,-0.0010544022301299805,1.555402541374909,6.5
192,2,0.0005,0.5,40,64,double,32,3,all,0.85,101456.15355770734,0.014561535577073374,36,0.5,-0.00974832510600665,1.4937474303253342,13.6
192,2,0.0005,0.35,40,128,single,32,3,auto,0.85,100137.555248045,0.0013755524804499872,21,0.6190476190476191,-0.0010077426456075456,1.3649838938995158,12.5
128,1,0.0005,0.5,20,128,double,32,3,auto,0.85,100171.18354480504,0.001711835448050406,20,0.45,-0.001375640810829526,1.244391293551513,4.8
64,2,0.001,0.5,60,64,double,32,5,all,0.85,100361.76044551512,0.0036176044551511585,32,0.5,-0.0033087836312135632,1.0933336411073604,7.9
64,1,0.001,0.2,40,64,single,32,3,auto,0.85,100054.97663725168,0.0005497663725167513,9,0.6666666666666666,-0.0005038713228038283,1.0910848616220838,4.3
192,2,0.001,0.5,60,64,double,32,5,auto,0.92,100358.24768355383,0.0035824768355382547,24,0.4166666666666667,-0.0034542888625725965,1.0371098011965882,16.9
64,3,0.001,0.5,60,64,double,32,5,auto,0.85,100280.68628073364,0.002806862807336438,23,0.43478260869565216,-0.002749571678577256,1.0208363830648803,8.6
192,1,0.001,0.5,40,64,double,32,5,auto,0.92,100511.31958559372,0.005113195855937229,33,0.42424242424242425,-0.005070104370194617,1.0084991318908407,10.9
192,1,0.0005,0.2,60,128,double,16,3,all,0.85,100151.18283478914,0.0015118283478914236,22,0.45454545454545453,-0.0015052421920179748,1.0043754791809412,9.9
192,3,0.0005,0.35,20,64,single,16,5,auto,0.85,99884.47314338725,-0.001155268566127488,5,0.0,-0.0011552685661274653,1.0000000000000198,9.0
64,3,0.0005,0.2,40,128,double,32,3,auto,0.85,99934.24157943488,-0.0006575842056512193,3,0.0,-0.0006575842056512071,1.0000000000000184,4.5
128,3,0.001,0.5,60,128,single,32,5,auto,0.85,99671.31457310182,-0.0032868542689818425,20,0.2,-0.003286854268981787,1.0000000000000169,4.2
64,1,0.001,0.5,60,128,single,16,3,manual,0.85,99699.7386776551,-0.003002613223449007,23,0.2608695652173913,-0.003002613223448969,1.0000000000000127,3.4
192,2,0.0005,0.2,40,128,double,16,5,all,0.85,99598.6826963615,-0.0040131730363849785,22,0.2727272727272727,-0.004013173036384932,1.0000000000000118,12.8
128,2,0.0005,0.2,60,64,double,32,5,all,0.85,99475.42755164648,-0.005245724483535159,11,0.2727272727272727,-0.005245724483535108,1.0000000000000098,10.5
192,1,0.0005,0.2,60,128,single,16,5,auto,0.85,99660.757042452,-0.003392429575480055,21,0.2857142857142857,-0.003392429575480027,1.0000000000000082,11.1
64,3,0.001,0.2,60,64,double,32,3,auto,0.85,99210.2503548783,-0.007897496451217012,18,0.2222222222222222,-0.007897496451216957,1.000000000000007,8.8
192,3,0.001,0.2,20,64,none,16,3,auto,0.85,99340.9021087132,-0.006590978912868013,18,0.16666666666666666,-0.006590978912867973,1.000000000000006,9.6
64,3,0.001,0.35,60,128,none,16,3,all,0.85,99831.29042964056,-0.0016870957035943865,12,0.25,-0.0016870957035943768,1.0000000000000058,3.5
64,1,0.001,0.35,20,128,single,16,3,all,0.85,99549.57406389776,-0.004504259361022414,18,0.2222222222222222,-0.004504259361022389,1.0000000000000056,3.2
128,3,0.0005,0.35,40,64,double,16,3,manual,0.85,99668.15976150216,-0.003318402384978399,22,0.22727272727272727,-0.0033184023849783806,1.0000000000000056,8.7
64,1,0.0005,0.2,40,128,double,32,5,auto,0.85,98851.05354848504,-0.011489464515149593,27,0.2222222222222222,-0.011489464515149539,1.0000000000000047,5.8
192,3,0.0005,0.5,20,64,none,16,3,all,0.85,99328.14948235339,-0.006718505176466133,9,0.1111111111111111,-0.006718505176466105,1.0000000000000042,10.5
64,2,0.001,0.35,60,128,single,32,5,auto,0.85,98986.50225321976,-0.010134977467802382,20,0.45,-0.010134977467802342,1.000000000000004,4.5
128,2,0.0005,0.35,60,64,single,16,3,manual,0.85,99322.56227719777,-0.006774377228022349,33,0.2727272727272727,-0.006774377228022321,1.000000000000004,6.7
64,2,0.0005,0.2,20,128,single,32,5,auto,0.92,99280.0927350001,-0.007199072649998998,15,0.13333333333333333,-0.007199072649998972,1.0000000000000036,5.4
64,1,0.001,0.5,60,64,single,32,5,auto,0.85,98949.25938379718,-0.0105074061620282,20,0.35,-0.010507406162028166,1.0000000000000033,6.5
192,1,0.0005,0.2,20,128,none,16,3,all,0.85,98749.9616700991,-0.012500383299008972,12,0.0,-0.012500383299008933,1.000000000000003,7.1
192,1,0.0005,0.5,20,128,single,32,5,auto,0.85,99700.75974544893,-0.002992402545510704,17,0.23529411764705882,-0.0029924025455106973,1.0000000000000022,7.2
192,2,0.001,0.5,40,128,single,32,5,auto,0.85,97449.96223972403,-0.02550037760275969,21,0.19047619047619047,-0.025500377602759694,0.9999999999999999,16.3
192,2,0.0005,0.2,60,64,none,16,3,all,0.85,99183.39266370244,-0.008166073362975585,17,0.29411764705882354,-0.00816607336297559,0.9999999999999993,14.5
128,2,0.0005,0.5,40,64,none,16,3,auto,0.85,97330.55227839814,-0.02669447721601857,22,0.18181818181818182,-0.026694477216018586,0.9999999999999993,7.7
64,1,0.0005,0.35,40,128,double,32,5,auto,0.85,99350.64966492314,-0.006493503350768587,22,0.2727272727272727,-0.006493503350768592,0.9999999999999992,6.2
192,3,0.0005,0.5,20,128,none,16,3,auto,0.85,97658.27972944312,-0.02341720270556878,20,0.2,-0.023417202705568796,0.9999999999999992,13.9
64,1,0.0005,0.5,20,64,none,16,3,auto,0.85,98504.47036567242,-0.01495529634327584,22,0.18181818181818182,-0.014955296343275859,0.9999999999999988,8.8
128,3,0.001,0.5,20,128,none,16,3,auto,0.85,98835.20469239111,-0.011647953076088888,12,0.08333333333333333,-0.011647953076088902,0.9999999999999988,4.3
128,2,0.001,0.5,40,64,none,16,3,auto,0.85,99217.20758702657,-0.00782792412973431,18,0.16666666666666666,-0.00782792412973432,0.9999999999999987,5.9
192,1,0.0005,0.35,20,64,none,16,3,auto,0.85,97359.16627634333,-0.026408337236566732,20,0.2,-0.02640833723656677,0.9999999999999986,8.3
192,1,0.0005,0.5,60,64,none,16,3,all,0.85,98715.12374369786,-0.012848762563021447,24,0.08333333333333333,-0.012848762563021476,0.9999999999999977,11.1
64,1,0.001,0.35,60,128,none,16,3,all,0.85,99514.91487403924,-0.004850851259607589,16,0.3125,-0.0048508512596076026,0.9999999999999971,5.2
64,2,0.001,0.5,60,128,single,16,5,all,0.85,98325.80898100606,-0.016741910189939372,22,0.2727272727272727,-0.016741910189939424,0.9999999999999969,5.1
64,2,0.0005,0.2,60,128,none,16,3,auto,0.85,98693.43564781168,-0.013065643521883176,17,0.23529411764705882,-0.013065643521883219,0.9999999999999967,4.7
64,1,0.001,0.35,20,64,single,32,5,all,0.85,99315.03687270202,-0.00684963127297975,15,0.0,-0.006849631272979773,0.9999999999999967,6.0
128,2,0.0005,0.5,60,64,single,16,3,manual,0.85,99357.23277009588,-0.006427672299041151,31,0.25806451612903225,-0.006427672299041176,0.9999999999999961,6.8
64,2,0.001,0.2,20,64,single,32,3,auto,0.92,99783.07192905579,-0.0021692807094421005,16,0.3125,-0.002169280709442112,0.9999999999999948,5.7
64,2,0.001,0.2,20,128,single,32,5,auto,0.85,99628.94544529947,-0.003710545547005313,20,0.25,-0.0037105455470053395,0.9999999999999929,3.5
64,1,0.0005,0.5,40,64,double,32,3,auto,0.92,99789.0874920846,-0.002109125079154037,9,0.0,-0.0021091250791540617,0.9999999999999882,6.3
64,1,0.001,0.2,40,128,single,16,3,manual,0.85,99587.92336117434,-0.0041207663882565975,26,0.2692307692307692,-0.004120766388256647,0.999999999999988,3.5
128,3,0.0005,0.2,60,64,double,16,3,manual,0.85,99661.16305126305,-0.003388369487369491,26,0.23076923076923078,-0.003388369487369536,0.9999999999999868,10.4
64,2,0.0005,0.2,20,64,single,32,5,auto,0.85,99594.18146902998,-0.004058185309700202,20,0.3,-0.004058185309700257,0.9999999999999863,6.1
64,2,0.001,0.5,60,128,double,32,5,auto,0.92,99839.39369945586,-0.0016060630054413924,8,0.0,-0.001606063005441416,0.9999999999999852,3.4
192,1,0.001,0.5,60,128,double,32,3,auto,0.92,96944.16576729545,-0.03055834232704554,35,0.17142857142857143,-0.03059468782926178,0.9988120322580485,13.7
192,3,0.001,0.35,40,128,none,16,3,auto,0.92,97024.71012929067,-0.029752898707093262,24,0.125,-0.029789274406333388,0.9987788994540803,19.0
192,3,0.0005,0.5,40,64,none,16,3,manual,0.85,97126.49967934079,-0.028735003206592082,41,0.24390243902439024,-0.028771417067925742,0.9987343737276586,21.7
192,2,0.0005,0.2,40,128,none,16,3,auto,0.92,97195.16462088114,-0.028048353791188564,29,0.1724137931034483,-0.02808479339581227,0.9987025147698206,14.7
192,1,0.001,0.2,20,128,double,32,5,manual,0.85,97291.60249260742,-0.02708397507392583,33,0.15151515151515152,-0.0271204508342362,0.9986550459454634,8.5
64,1,0.001,0.5,40,128,single,16,3,auto,0.92,97578.44708452158,-0.024215529154784164,30,0.2,-0.02425211245648884,0.9984915416432152,5.4
192,2,0.001,0.2,20,64,double,32,5,auto,0.85,97619.72122756048,-0.023802787724395168,33,0.30303030303030304,-0.023839386500259185,0.9984647769411508,11.9
192,2,0.0005,0.35,40,64,none,16,3,auto,0.92,97668.74119680459,-0.023312588031954073,29,0.13793103448275862,-0.02334920518597805,0.9984317601506211,14.7
128,1,0.0005,0.2,40,64,single,16,5,auto,0.85,98893.1476212811,-0.011068523787189042,23,0.34782608695652173,-0.011086268180193537,0.9983994259640772,7.4
64,2,0.001,0.2,40,64,single,32,5,manual,0.85,97829.65172189953,-0.021703482781004712,41,0.34146341463414637,-0.02174016026226755,0.9983129157825715,6.8
128,1,0.001,0.35,20,128,single,16,5,auto,0.92,95893.55674039472,-0.041064432596052795,40,0.3,-0.041136333133612646,0.9982521403323356,5.8
192,1,0.001,0.5,20,64,none,16,3,auto,0.92,98135.754227652,-0.018642457723480037,24,0.125,-0.018679249966154443,0.9980303147748935,7.7
192,3,0.001,0.35,40,128,none,16,3,manual,0.85,98174.38653445645,-0.018256134655435453,41,0.2926829268292683,-0.0182929413818137,0.9979879273863066,21.2
64,1,0.001,0.35,40,128,double,32,5,all,0.85,98203.97609273929,-0.017960239072607073,35,0.37142857142857144,-0.01799705689245701,0.9979542310684495,4.9
128,2,0.0005,0.2,60,64,none,16,3,auto,0.92,96591.34055011475,-0.0340865944988525,32,0.125,-0.034159018231429084,0.9978798063783358,7.6
128,2,0.001,0.5,60,128,double,32,3,auto,0.92,98397.12692334835,-0.01602873076651653,25,0.2,-0.016065621000873165,0.99770377787733,6.1
64,1,0.001,0.35,20,64,single,16,3,all,0.85,98414.4593426736,-0.015855406573264046,31,0.3225806451612903,-0.015892303305747646,0.9976783269376531,7.6
192,2,0.0005,0.35,60,64,none,16,3,auto,0.92,98461.38870858593,-0.015386112914140685,25,0.16,-0.015423027240992648,0.9976065446636929,15.8
128,1,0.001,0.35,20,64,single,32,3,all,0.85,97323.30715197716,-0.02676692848022838,35,0.22857142857142856,-0.026839901037918334,0.9972811912537658,7.3
192,3,0.001,0.2,20,64,single,16,3,all,0.85,97558.54933081724,-0.024414506691827556,27,0.25925925925925924,-0.02448765563299604,0.997012823838068,14.8
192,2,0.0005,0.5,60,64,double,32,3,auto,0.92,98829.28955402657,-0.011707104459734255,27,0.4074074074074074,-0.01174415671691853,0.9968450474497758,20.1
192,3,0.001,0.2,60,64,single,32,3,auto,0.92,98994.54078557983,-0.010054592144201742,19,0.3157894736842105,-0.010091706356006425,0.9963223056145909,16.6
192,3,0.001,0.5,40,64,double,16,3,manual,0.85,99078.64231782015,-0.009213576821798488,36,0.3055555555555556,-0.009250722564251967,0.9959845577255745,19.7
64,2,0.001,0.5,40,64,double,32,5,manual,0.85,98279.90418129908,-0.017200958187009237,47,0.3404255319148936,-0.017274647996649906,0.9957342222165708,8.8
128,2,0.001,0.5,20,64,single,16,3,auto,0.92,98356.81789455385,-0.01643182105446147,22,0.18181818181818182,-0.01650556853364238,0.9955319637108777,5.8
128,1,0.0005,0.5,60,64,single,16,5,auto,0.85,99603.12217333377,-0.003968778266662266,17,0.17647058823529413,-0.003986650050368468,0.9955170924258703,8.0
192,2,0.001,0.35,20,64,double,16,5,auto,0.85,99216.8381190425,-0.007831618809575011,17,0.11764705882352941,-0.00786881636325154,0.995272789202421,9.2
128,2,0.0005,0.35,60,64,double,32,3,all,0.85,98446.8201121105,-0.01553179887889506,34,0.23529411764705882,-0.015605613841315091,0.9952699737946475,7.3
128,1,0.001,0.35,60,64,single,16,3,auto,0.85,99221.96181164958,-0.00778038188350416,28,0.2857142857142857,-0.007817581358112946,0.9952415622038674,7.8
128,3,0.001,0.5,20,64,double,32,5,all,0.85,98733.6490114697,-0.012663509885303065,20,0.15,-0.012737539910681939,0.9941880436961936,7.4
128,2,0.0005,0.5,60,128,single,16,3,manual,0.85,99369.96253439198,-0.006300374656080239,38,0.3157894736842105,-0.006337629617891971,0.9941216252671887,4.5
192,2,0.0005,0.5,60,128,single,32,3,manual,0.85,99371.51524723727,-0.00628484752762728,33,0.21212121212121213,-0.006322103071569107,0.994107096401296,19.0
192,2,0.001,0.35,60,64,double,32,3,auto,0.92,99387.77384862328,-0.0061222615137671525,33,0.21212121212121213,-0.00615952315324908,0.9939505642636846,13.5
192,1,0.0005,0.35,40,128,double,32,5,manual,0.85,99394.30296037463,-0.006056970396253746,31,0.2903225806451613,-0.006094234483576044,0.9938853538663921,11.4
128,2,0.001,0.2,40,128,single,32,3,manual,0.85,99398.25775012767,-0.0060174224987233176,32,0.28125,-0.006054688068742542,0.9938451709491677,3.3
128,1,0.0005,0.5,60,128,double,32,3,auto,0.85,99417.0506085869,-0.005829493914131017,22,0.22727272727272727,-0.0058667665298127725,0.9936468213806788,6.4
192,1,0.001,0.5,60,128,none,16,3,manual,0.85,98693.3409836875,-0.01306659016312493,38,0.3684210526315789,-0.013154691307470268,0.9933026824966005,10.4
192,1,0.0005,0.5,60,128,single,32,3,manual,0.85,99451.58268749776,-0.005484173125022353,41,0.36585365853658536,-0.005521458687184677,0.993247153646397,9.3
64,1,0.0005,0.35,40,64,single,32,3,manual,0.85,99456.22758450007,-0.005437724154999305,35,0.2857142857142857,-0.005475011458587864,0.9931895478446767,6.1
128,2,0.001,0.5,40,64,double,16,3,auto,0.92,99474.42993880027,-0.005255700611997308,27,0.18518518518518517,-0.005292994739861445,0.992954059148543,7.1
64,2,0.001,0.35,40,64,double,32,3,auto,0.92,95984.5758553011,-0.040154241446989036,49,0.30612244897959184,-0.040442051840380855,0.9928833879515371,10.0
192,3,0.0005,0.5,60,64,single,32,5,manual,0.85,99543.96984346645,-0.00456030156533554,33,0.2727272727272727,-0.004597621764523607,0.9918827165218245,23.9
192,2,0.0005,0.2,40,128,none,16,3,manual,0.85,99547.88690816061,-0.004521130918393901,33,0.36363636363636365,-0.004558452586135409,0.9918126454018581,14.7
128,3,0.0005,0.5,40,128,single,32,3,all,0.85,99553.71938597583,-0.004462806140241737,29,0.3103448275862069,-0.004500129994647439,0.9917060497252088,6.3
192,2,0.001,0.35,40,64,none,16,3,manual,0.85,99591.23766199683,-0.004087623380031728,20,0.2,-0.004124961300478125,0.9909482980017124,10.7
128,3,0.001,0.5,40,128,double,16,3,manual,0.85,99624.380738877,-0.0037561926112300715,34,0.29411764705882354,-0.0037935429574038615,0.9901542313891838,5.8
192,3,0.0005,0.2,60,128,double,32,3,manual,0.85,97265.86737472173,-0.027341326252782745,32,0.25,-0.02762551404625324,0.9897128504832641,45.7
192,3,0.001,0.5,40,128,single,32,3,auto,0.92,97301.57675530769,-0.026984232446923124,36,0.4722222222222222,-0.027275991876332006,0.9893034346566861,21.6
192,3,0.0005,0.35,60,128,double,32,5,all,0.85,97470.64086699134,-0.02529359133008664,36,0.3888888888888889,-0.025585857699366277,0.9885770345198599,30.5
192,3,0.0005,0.5,60,128,double,16,3,manual,0.85,99700.56232110225,-0.0029943767889775335,31,0.3225806451612903,-0.0030317556965180348,0.98767087084773,24.7
64,1,0.001,0.5,40,64,single,16,3,manual,0.85,98128.15337370832,-0.01871846626291677,25,0.2,-0.018964466547989556,0.9870283572464176,10.0
64,1,0.001,0.2,60,128,single,32,5,all,0.85,98210.84607214801,-0.01789153927851992,39,0.38461538461538464,-0.018128316258716914,0.9869388322214899,4.8
128,1,0.0005,0.5,20,64,double,16,3,auto,0.85,99727.41822106324,-0.002725817789367575,25,0.32,-0.0027632067654992376,0.9864689908122357,7.5
192,3,0.001,0.5,60,128,double,16,5,all,0.85,97873.04509299765,-0.021269549070023496,27,0.25925925925925924,-0.021563022051069303,0.9863899883629135,31.5
192,1,0.001,0.5,60,64,single,16,3,auto,0.92,99462.8105643417,-0.005371894356583071,27,0.2222222222222222,-0.005446471103862871,0.9863073271008622,9.4
128,2,0.001,0.5,20,128,double,16,3,auto,0.92,99467.57896644865,-0.00532421033551349,24,0.16666666666666666,-0.005398790658118657,0.986185735412242,4.4
192,1,0.001,0.35,20,128,double,16,5,all,0.85,97861.28387966575,-0.02138716120334255,47,0.425531914893617,-0.0216870676885631,0.9861711832356798,7.7
128,3,0.0005,0.35,40,64,single,16,3,auto,0.92,96458.85968723243,-0.03541140312767573,39,0.3333333333333333,-0.03593868752051477,0.9853282234489491,15.0
128,3,0.001,0.2,60,128,single,32,3,manual,0.85,99750.76502288252,-0.002492349771174777,22,0.22727272727272727,-0.002529747500295665,0.9852168134896795,3.7
192,3,0.0005,0.2,20,64,single,32,3,manual,0.85,99750.88513914429,-0.0024911486085571234,29,0.3448275862068966,-0.00252854638271105,0.9852097733268276,15.4
192,3,0.001,0.5,40,64,double,32,3,auto,0.92,98167.1189541191,-0.01832881045880902,23,0.17391304347826086,-0.01860961909988057,0.9849105648232557,22.5
128,3,0.0005,0.2,40,64,double,32,3,all,0.85,99775.04036375208,-0.002249596362479206,20,0.2,-0.00228700319270958,0.9836437350198642,7.7
128,2,0.0005,0.35,40,128,single,32,3,manual,0.85,99777.11855220399,-0.0022288144779601133,30,0.3333333333333333,-0.0022662220873275185,0.9834934053566132,4.5
64,2,0.0005,0.35,20,128,single,32,5,auto,0.85,99818.15308846459,-0.0018184691153540916,22,0.36363636363636365,-0.0018508797419404255,0.9824890694668498,4.2
128,3,0.001,0.2,20,128,single,16,3,auto,0.92,99799.22909763512,-0.0020077090236487855,17,0.17647058823529413,-0.0020451249225184043,0.9817048345273969,4.0
192,1,0.0005,0.35,60,64,double,16,5,all,0.85,98527.86588137352,-0.014721341186264763,33,0.36363636363636365,-0.015001822920263086,0.9813034898832546,14.3
64,1,0.0005,0.35,60,64,double,16,5,auto,0.92,99806.48659102703,-0.0019351340897296905,17,0.23529411764705882,-0.0019725527095184603,0.9810303574610666,5.9
192,1,0.001,0.35,20,128,single,16,5,auto,0.85,97315.89425531737,-0.026841057446826307,38,0.39473684210526316,-0.02736292671136531,0.9809278711285572,8.7
128,1,0.0005,0.5,40,64,double,16,3,all,0.85,99808.67958457359,-0.0019132041542640945,15,0.3333333333333333,-0.0019506235962318819,0.9808166772717851,6.2
128,3,0.001,0.2,60,64,single,16,3,manual,0.85,99810.1568754814,-0.0018984312451859296,26,0.3076923076923077,-0.0019358512410073692,0.9806700044772205,7.8
128,2,0.001,0.2,40,128,single,32,3,auto,0.92,98726.14705523144,-0.012738529447685578,33,0.3333333333333333,-0.012989633052048699,0.9806689224124374,5.0
192,3,0.001,0.35,40,128,double,16,5,all,0.85,99251.7375598278,-0.007482624401721987,16,0.25,-0.007636028495567104,0.979910486984933,26.0
128,1,0.001,0.35,60,128,single,32,3,manual,0.85,97401.94759347315,-0.025980524065268545,39,0.41025641025641024,-0.026526341679269705,0.9794235624120112,3.5
128,3,0.0005,0.5,20,64,single,16,3,auto,0.92,99650.40000450682,-0.0034959999549317583,16,0.125,-0.0035707173558909844,0.9790749607117581,7.7
192,3,0.001,0.5,20,64,double,16,3,manual,0.85,99650.90118461012,-0.0034909881538987973,38,0.34210526315789475,-0.0035679676659553516,0.9784248291286176,12.3
128,3,0.001,0.2,60,128,single,32,3,auto,0.85,99052.79324871696,-0.009472067512830399,12,0.16666666666666666,-0.009681489312541203,0.9783688446115906,4.1
192,3,0.0005,0.2,60,128,double,16,5,auto,0.92,99418.63169194176,-0.005813683080582414,38,0.3157894736842105,-0.005942622990730562,0.9783025256104466,27.7
128,2,0.001,0.35,60,128,single,16,3,manual,0.85,99137.02075923556,-0.008629792407644417,43,0.3953488372093023,-0.008834464429830158,0.9768325489551294,4.0
192,3,0.0005,0.35,20,128,single,16,5,auto,0.92,98095.5878211552,-0.019044121788447957,34,0.20588235294117646,-0.019508130910330324,0.9762145782179135,11.0
64,2,0.001,0.2,60,64,single,32,3,auto,0.85,98012.86435528594,-0.01987135644714057,21,0.3333333333333333,-0.020370722830728827,0.9754860744148474,7.5
64,1,0.001,0.2,20,128,double,16,3,all,0.85,98862.34953347998,-0.011376504665200191,25,0.28,-0.011665357000860577,0.9752384487127932,8.0
128,3,0.0005,0.35,40,128,double,32,3,all,0.85,99707.55778854131,-0.002924422114586923,24,0.2916666666666667,-0.002999182372183551,0.9750731204977713,6.2
128,2,0.001,0.2,20,64,double,32,3,all,0.85,99555.42706414685,-0.004445729358531535,24,0.3333333333333333,-0.004559871984803676,0.9749680195732391,6.3
64,3,0.001,0.2,20,128,none,16,3,auto,0.85,98151.12438473619,-0.018488756152638088,29,0.20689655172413793,-0.01898100842749506,0.9740660631000028,4.8
192,2,0.001,0.35,60,64,single,32,5,all,0.85,97522.68923947212,-0.024773107605278784,39,0.3333333333333333,-0.025452123395375947,0.9733218411859293,16.7
128,1,0.0005,0.35,40,64,single,16,5,all,0.85,98949.98448676996,-0.010500155132300425,22,0.2727272727272727,-0.010789263516507663,0.9732040668239402,6.4
128,2,0.001,0.5,60,128,double,32,5,auto,0.92,99542.59529631918,-0.004574047036808188,21,0.19047619047619047,-0.0047006044742663455,0.9730763483396654,4.3
64,3,0.0005,0.35,60,128,none,16,3,auto,0.85,99125.05534015114,-0.008749446598488576,18,0.2222222222222222,-0.008997946045723348,0.9723826475540068,5.2
192,2,0.0005,0.2,20,128,double,16,3,all,0.85,99043.87963506939,-0.009561203649306117,24,0.4583333333333333,-0.009858187385565875,0.9698744074702216,14.8
128,2,0.001,0.5,20,64,single,32,5,manual,0.85,97687.95693025885,-0.0231204306974115,42,0.30952380952380953,-0.02389721169205339,0.9674949109271944,7.2
128,3,0.0005,0.2,20,64,none,16,3,auto,0.85,98548.03838498212,-0.014519616150178771,21,0.14285714285714285,-0.015013751796945973,0.9670877970110231,7.5
192,1,0.001,0.35,20,64,double,16,5,all,0.85,98171.46166646246,-0.018285383335375372,40,0.35,-0.01891828421965458,0.9665455452021555,9.5
64,3,0.0005,0.35,20,128,double,32,5,auto,0.92,98425.32543156731,-0.01574674568432689,31,0.2903225806451613,-0.016292483560911952,0.9665037024868101,5.6
128,3,0.001,0.2,20,128,single,32,5,manual,0.85,98183.32866302117,-0.01816671336978834,21,0.3333333333333333,-0.018800151555669165,0.9663067510915989,5.6
64,2,0.001,0.5,40,128,single,16,3,auto,0.92,98388.77030638917,-0.016112296936108324,31,0.3548387096774194,-0.016681124650953172,0.9658999182161052,6.0
128,3,0.001,0.2,60,64,none,16,3,manual,0.85,99297.10898120108,-0.007028910187989241,20,0.2,-0.00728181462115407,0.9652690371394339,6.6
192,3,0.001,0.35,20,128,double,32,3,all,0.85,98488.3219611278,-0.015116780388721964,21,0.23809523809523808,-0.015662867561508254,0.9651349173041399,12.7
192,3,0.001,0.35,60,128,single,16,3,manual,0.85,99899.61115234676,-0.0010038884765324475,16,0.3125,-0.0010413420098092097,0.9640333983225893,24.4
192,2,0.001,0.2,20,64,double,16,5,auto,0.85,99678.1049574074,-0.003218950425926014,18,0.3888888888888889,-0.003341486085388423,0.9633289930494607,9.3
192,2,0.0005,0.35,20,128,double,16,3,all,0.85,99601.4283587449,-0.003985716412550974,27,0.5555555555555556,-0.00414051531982218,0.9626136132065188,15.7
128,2,0.001,0.35,40,128,double,32,3,all,0.85,98055.49350512806,-0.019445064948719372,32,0.28125,-0.02023235339847884,0.9610876483692371,4.1
192,3,0.001,0.5,20,128,single,16,5,manual,0.85,98438.95870031163,-0.015610412996883679,42,0.35714285714285715,-0.016246921196250597,0.9608228419601241,11.1
128,2,0.0005,0.2,20,64,single,16,3,all,0.85,99219.94774465931,-0.007800522553406917,29,0.27586206896551724,-0.008123635888807157,0.960225527113367,9.1
64,2,0.0005,0.2,20,64,none,16,3,auto,0.85,99423.15982142319,-0.005768401785768074,19,0.3157894736842105,-0.006017648559685895,0.9585807028367188,6.5
64,1,0.0005,0.2,40,64,single,32,5,all,0.85,97513.09572539992,-0.024869042746000776,31,0.2903225806451613,-0.02594906934734087,0.9583789851233809,8.6
64,3,0.0005,0.2,40,128,double,32,3,all,0.85,97683.55366471571,-0.02316446335284287,37,0.3783783783783784,-0.024192490134485323,0.9575063676402188,6.2
192,3,0.001,0.2,20,128,single,16,5,all,0.85,99372.09935990165,-0.00627900640098349,29,0.2413793103448276,-0.006569348104726425,0.9558035745534562,11.0
64,1,0.0005,0.5,20,128,single,16,5,all,0.85,99374.5045086195,-0.006254954913804977,20,0.15,-0.006545303644821976,0.955640143410811,3.8
64,2,0.001,0.35,40,64,single,16,5,auto,0.85,98441.39628192109,-0.015586037180789136,37,0.2972972972972973,-0.016313129580364905,0.9554290060657077,7.1
192,3,0.0005,0.35,20,64,single,32,5,auto,0.92,97929.65219652979,-0.02070347803470213,32,0.34375,-0.021712940183186813,0.9535087307399138,11.9
64,1,0.0005,0.2,20,64,double,16,3,all,0.85,99422.12327145637,-0.005778767285436334,21,0.23809523809523808,-0.006069255147183372,0.9521378069132835,6.8
128,2,0.001,0.35,40,64,double,16,3,manual,0.85,99504.72364185142,-0.004952763581485779,31,0.25806451612903225,-0.005206412457232856,0.9512814480545614,7.7
64,3,0.001,0.5,40,64,double,32,5,all,0.85,99828.86603936098,-0.0017113396063902473,16,0.375,-0.0017997301814907107,0.9508867629106216,7.0
192,3,0.0005,0.35,60,128,double,16,3,all,0.85,98493.23178336465,-0.015067682166353479,29,0.2413793103448276,-0.015858485220732743,0.9501337584660734,27.7
192,3,0.0005,0.2,40,128,single,32,3,all,0.85,99653.78791438334,-0.0034621208561665846,27,0.2222222222222222,-0.003646206508922445,0.9495131029179522,16.8
64,2,0.001,0.5,40,128,double,16,3,auto,0.92,97633.51556430869,-0.02366484435691309,35,0.2571428571428571,-0.02494914732475295,0.9485231719095403,6.7
128,1,0.0005,0.5,60,128,single,16,5,all,0.85,99776.44470721681,-0.0022355529278318864,13,0.38461538461538464,-0.0023573748837667496,0.9483230449370831,3.5
128,1,0.0005,0.5,40,64,double,16,5,auto,0.85,98597.9577287551,-0.014020422712449071,41,0.34146341463414637,-0.014812066612396979,0.9465541223474285,10.5
128,3,0.0005,0.5,20,64,none,16,3,auto,0.85,97835.13023721449,-0.021648697627855144,22,0.2727272727272727,-0.02288505226763482,0.9459754504678064,8.4
64,2,0.0005,0.35,20,128,none,16,3,manual,0.85,99472.3408356964,-0.005276591643035936,39,0.358974358974359,-0.005579852868538571,0.9456506770612999,4.1
64,1,0.001,0.5,40,128,double,32,5,all,0.85,97123.48581343277,-0.02876514186567234,40,0.375,-0.030457039306466815,0.9444497075447763,7.0
128,2,0.0005,0.2,40,128,single,32,5,auto,0.85,97534.1216924663,-0.02465878307533698,21,0.23809523809523808,-0.026138817353924426,0.9433779172734746,5.0
64,1,0.001,0.5,20,128,single,32,3,auto,0.92,99811.92907518092,-0.001880709248190833,17,0.35294117647058826,-0.0019951459600197063,0.9426424361314683,3.3
64,2,0.001,0.5,20,64,none,16,3,manual,0.85,99067.37364976574,-0.009326263502342627,34,0.29411764705882354,-0.009899014514408333,0.9421406028618254,5.0
64,2,0.0005,0.35,20,64,single,16,3,auto,0.92,98796.4342276737,-0.012035657723262993,20,0.25,-0.012784241073597435,0.9414448346190492,8.6
64,1,0.001,0.35,60,128,double,32,3,manual,0.85,99545.9323878182,-0.00454067612181796,23,0.21739130434782608,-0.004831525724436125,0.9398017067057819,3.7
64,2,0.0005,0.5,60,128,double,32,3,manual,0.85,98557.88403187736,-0.014421159681226418,44,0.38636363636363635,-0.015384959504094242,0.9373544127554357,5.3
192,3,0.0005,0.35,20,128,single,32,3,auto,0.92,98721.90123731563,-0.012780987626843708,21,0.23809523809523808,-0.01364717724886011,0.9365297595084177,11.0
64,2,0.001,0.2,40,64,none,16,3,auto,0.92,99637.84384246949,-0.0036215615753050954,17,0.17647058823529413,-0.0038713465467591357,0.9354785296441246,5.1
64,1,0.0005,0.5,60,128,double,16,5,auto,0.85,99790.74186404917,-0.002092581359508331,18,0.3888888888888889,-0.0022378881923476035,0.9350696637409568,5.6
192,3,0.0005,0.2,40,64,single,16,3,auto,0.85,100201.3799407335,0.0020137994073350274,19,0.3684210526315789,-0.002155551336228023,0.934238667151836,13.2
128,2,0.001,0.35,40,64,none,16,3,auto,0.92,97813.88616268215,-0.021861138373178546,29,0.1724137931034483,-0.02341864704654395,0.9334927986971281,6.1
128,3,0.001,0.35,20,64,single,16,3,auto,0.92,99947.4208008531,-0.0005257919914690137,4,0.25,-0.0005632634491423705,0.933474366692156,6.8
192,1,0.0005,0.35,60,64,single,32,5,all,0.85,99366.18349169297,-0.006338165083070344,21,0.3333333333333333,-0.006791054247776707,0.9333109193090848,10.8
64,3,0.001,0.5,60,128,single,32,3,auto,0.85,98922.14351490635,-0.010778564850936527,22,0.2727272727272727,-0.01156515967230709,0.9319858226208434,6.1
128,3,0.001,0.5,60,128,single,32,3,manual,0.85,99077.81290736324,-0.009221870926367556,39,0.358974358974359,-0.009897112821256382,0.9317738509114916,4.7
64,2,0.001,0.5,40,128,double,16,5,auto,0.92,99457.0674790788,-0.005429325209211966,27,0.4444444444444444,-0.005828187132933205,0.9315632949622707,6.7
128,2,0.0005,0.2,20,64,double,32,3,auto,0.92,98877.90682027828,-0.0112209317972172,26,0.3076923076923077,-0.012048421709171642,0.9313196423624075,10.1
128,2,0.001,0.2,20,128,single,16,5,auto,0.92,97254.55540165062,-0.027454445983493787,43,0.32558139534883723,-0.029486835217660934,0.9310746908182991,5.0
192,1,0.0005,0.5,40,128,single,32,5,all,0.85,98296.07940434238,-0.017039205956576188,33,0.45454545454545453,-0.018310582479540982,0.9305660251723098,7.7
192,2,0.001,0.2,60,128,double,16,5,auto,0.85,100142.17710587353,0.0014217710587353214,33,0.45454545454545453,-0.001532093746733132,0.9279922078965138,15.6
192,1,0.001,0.5,20,64,single,32,3,auto,0.92,98785.31729068361,-0.012146827093163884,30,0.3333333333333333,-0.013090047226549495,0.9279437180736404,10.3
64,2,0.0005,0.5,60,64,single,16,5,all,0.85,97309.93936023487,-0.02690060639765128,38,0.34210526315789475,-0.029043102428684575,0.9262304694791406,12.6
128,2,0.0005,0.5,60,64,single,32,5,auto,0.92,98792.68961993529,-0.012073103800647076,28,0.4642857142857143,-0.013045973504662967,0.9254275885453729,8.4
128,1,0.001,0.35,40,128,single,16,3,auto,0.92,99247.08415776982,-0.007529158422301844,36,0.3888888888888889,-0.008162843901781569,0.9223695213206979,4.5
128,2,0.001,0.2,40,128,double,16,5,all,0.85,99594.47784985813,-0.00405522150141871,18,0.2222222222222222,-0.004398153567651941,0.9220281736509911,3.6
128,3,0.0005,0.35,60,64,single,16,3,auto,0.85,99549.51335715469,-0.0045048664284530965,21,0.19047619047619047,-0.004889090165670296,0.9214120165107403,7.7
64,2,0.001,0.35,40,64,double,32,5,manual,0.85,99046.88697796738,-0.009531130220326159,44,0.4318181818181818,-0.010355819877184147,0.9203646194469897,7.9
128,2,0.0005,0.2,40,64,single,32,3,all,0.85,97109.55706943951,-0.028904429305604863,33,0.36363636363636365,-0.031433867188444875,0.9195314446143033,11.2
128,2,0.0005,0.5,20,64,double,32,3,manual,0.85,99386.08089223978,-0.006139191077602154,40,0.325,-0.006676545210456353,0.9195161395728092,9.4
64,2,0.001,0.35,20,128,double,16,5,manual,0.85,99394.5292941119,-0.0060547070588810314,35,0.2857142857142857,-0.006592106869999337,0.9184782920367978,3.8
128,2,0.001,0.35,60,128,single,32,5,manual,0.85,98544.19317552682,-0.01455806824473184,33,0.3939393939393939,-0.015863847077091542,0.9176883875636109,4.7
64,1,0.0005,0.5,40,64,double,16,5,all,0.85,98148.66004269331,-0.018513399573066854,24,0.25,-0.020196465202281022,0.9166653366142468,8.3
64,1,0.001,0.35,40,128,double,32,3,all,0.85,98694.58602282759,-0.01305413977172415,25,0.44,-0.014244285836209958,0.9164474738733215,4.7
64,3,0.001,0.5,60,64,double,16,5,manual,0.85,99900.92737768735,-0.0009907262231265486,31,0.45161290322580644,-0.0010828424722187924,0.914931071272543,7.2
128,2,0.001,0.5,40,128,double,32,3,auto,0.92,98189.39460096581,-0.0181060539903419,33,0.48484848484848486,-0.01980772365399508,0.9140905995369152,4.2
64,2,0.001,0.35,60,128,double,32,5,auto,0.85,98736.78890729966,-0.012632110927003377,23,0.21739130434782608,-0.013820395787219497,0.9140194768289491,3.8
128,3,0.0005,0.2,60,64,single,16,3,auto,0.85,99682.51975995066,-0.003174802400493354,23,0.2608695652173913,-0.0034737011034436938,0.9139538221483642,7.9
192,2,0.001,0.5,60,64,single,32,3,manual,0.85,99432.49238310734,-0.005675076168926607,32,0.34375,-0.006212681236380413,0.9134664974752477,13.4
64,3,0.001,0.35,40,64,single,32,5,auto,0.85,98949.50642962122,-0.010504935703787778,25,0.24,-0.01150165327629582,0.9133413650572989,6.4
64,1,0.001,0.2,40,64,none,16,3,manual,0.85,99489.76485514552,-0.005102351448544796,31,0.2903225806451613,-0.005602985065274346,0.9106487683088198,4.2
128,1,0.001,0.35,40,128,single,32,3,auto,0.85,97729.57765401604,-0.022704223459839558,29,0.20689655172413793,-0.024970964134777285,0.9092249437104907,4.7
192,1,0.001,0.35,20,64,none,16,3,auto,0.92,98767.58066087049,-0.01232419339129512,23,0.21739130434782608,-0.01356148338706653,0.9087644057469846,7.0
128,2,0.001,0.2,60,128,none,16,3,auto,0.92,97553.20662646761,-0.024467933735323896,24,0.20833333333333334,-0.026935967590314025,0.9083740412623004,4.1
64,2,0.001,0.35,40,64,single,32,5,auto,0.85,98519.86301884972,-0.01480136981150281,18,0.2222222222222222,-0.01629636224963027,0.9082621989357547,6.8
128,1,0.0005,0.5,40,64,single,16,5,manual,0.85,99469.40919808249,-0.005305908019175113,37,0.32432432432432434,-0.005843712686038893,0.9079686672226991,6.4
64,1,0.0005,0.35,60,128,none,16,3,manual,0.85,99508.364849495,-0.00491635150504997,30,0.3,-0.005417078717160462,0.9075650847523655,3.8
128,2,0.001,0.5,40,64,single,16,3,auto,0.85,99570.91412999897,-0.004290858700010286,20,0.15,-0.004729366993786788,0.9072797069137174,6.6
192,2,0.0005,0.5,40,64,double,16,5,auto,0.92,98690.63354072833,-0.013093664592716669,26,0.2692307692307692,-0.014441510376221989,0.906668641409935,14.5
128,2,0.001,0.2,40,128,single,16,3,manual,0.85,99479.6252417191,-0.00520374758280901,31,0.22580645161290322,-0.005741607485106437,0.9063224186444964,3.6
64,3,0.001,0.2,60,64,double,32,5,all,0.85,99516.14750270043,-0.004838524972995656,26,0.38461538461538464,-0.00533929134750466,0.9062110789771681,7.7
192,1,0.0005,0.5,20,128,double,32,3,manual,0.85,99487.47956750296,-0.0051252043249704,30,0.26666666666666666,-0.005663106693520437,0.9050163809971143,8.2
64,3,0.0005,0.35,20,64,none,16,3,manual,0.85,97898.24865331248,-0.021017513466875245,37,0.3783783783783784,-0.023258104302754434,0.903664081701885,8.1
64,3,0.0005,0.2,60,128,none,16,3,manual,0.85,99502.26477094863,-0.0049773522905136635,34,0.2647058823529412,-0.005515334598730326,0.9024569953851014,3.8
128,1,0.001,0.35,20,128,none,16,3,all,0.85,98627.15190274439,-0.013728480972556136,18,0.05555555555555555,-0.015225101468876123,0.9017004583267014,3.8
64,1,0.001,0.35,20,64,double,32,5,auto,0.85,99723.85504471936,-0.0027614495528064434,17,0.35294117647058826,-0.003066384064185357,0.9005556691542731,5.7
192,1,0.001,0.5,60,128,double,32,3,manual,0.85,99519.5642406709,-0.004804357593291061,33,0.24242424242424243,-0.005342433435144178,0.8992826305867494,9.3
64,1,0.001,0.2,60,128,double,16,3,auto,0.92,99490.2290701127,-0.005097709298872942,27,0.25925925925925924,-0.005672905019635688,0.8986064954777464,4.2
128,1,0.0005,0.35,40,128,single,16,5,all,0.85,99670.25322516107,-0.0032974677483893176,12,0.25,-0.0036729838671799575,0.8977626550048112,3.8
64,1,0.001,0.35,20,128,double,32,3,auto,0.92,98355.07391652715,-0.016449260834728485,40,0.375,-0.01833350606888351,0.8972239555775393,4.4
64,1,0.0005,0.35,40,128,double,32,3,auto,0.85,99780.42981259641,-0.002195701874035876,13,0.3076923076923077,-0.0024498372995443995,0.8962643659822693,4.5
64,3,0.001,0.2,60,64,double,32,3,all,0.85,99536.44375300492,-0.004635562469950819,30,0.26666666666666666,-0.00517372957484219,0.895980820584774,7.3
64,1,0.0005,0.2,40,128,single,16,3,auto,0.92,99575.92327417045,-0.004240767258295528,20,0.3,-0.004741834425159519,0.8943305223384861,4.8
192,1,0.0005,0.2,40,128,single,32,5,all,0.85,98755.98723193044,-0.012440127680695587,25,0.4,-0.013943365200932867,0.8921897620427595,7.7
64,2,0.0005,0.35,40,128,double,32,3,manual,0.85,97589.09698855875,-0.024109030114412452,40,0.35,-0.027038676248262283,0.8916497942816962,5.3
64,3,0.001,0.2,60,64,single,16,3,manual,0.85,99722.01425043406,-0.00277985749565938,22,0.3181818181818182,-0.0031206109916906977,0.8908055195156822,8.7
128,3,0.001,0.2,20,64,double,16,5,manual,0.85,99564.82228528772,-0.004351777147122775,37,0.32432432432432434,-0.004890097687198169,0.8899161991212019,7.8
64,3,0.001,0.2,40,64,single,32,5,manual,0.85,99566.31491810778,-0.004336850818922248,33,0.24242424242424243,-0.0048751794292667405,0.889577682595067,6.4
128,1,0.0005,0.35,60,128,single,16,3,auto,0.85,99781.04135965371,-0.00218958640346289,24,0.2916666666666667,-0.002463630263894623,0.8887642092858077,4.2
64,1,0.001,0.5,40,64,none,16,3,manual,0.85,99604.53685151704,-0.003954631484829588,28,0.2857142857142857,-0.0044558426355368885,0.8875159668544019,4.4
64,3,0.001,0.2,20,64,double,32,5,all,0.85,100632.01122094344,0.0063201122094344465,23,0.6086956521739131,-0.007122862828080723,0.887299441527701,8.8
128,1,0.001,0.5,60,64,single,32,3,auto,0.85,98797.3921117918,-0.01202607888208193,32,0.1875,-0.013562266784806876,0.8867307414682433,6.5
192,2,0.0005,0.5,20,128,single,16,3,manual,0.85,99579.61258245938,-0.004203874175406235,32,0.3125,-0.00474227468268873,0.8864678781159853,7.7
192,3,0.0005,0.5,40,128,none,16,3,auto,0.85,98069.97589950939,-0.01930024100490613,13,0.15384615384615385,-0.02178134879262683,0.8860902595453328,21.6
64,3,0.001,0.5,60,128,single,16,5,manual,0.85,99403.97765471725,-0.005960223452827485,30,0.3,-0.006728879178524605,0.8857676434211652,4.9
192,3,0.0005,0.5,20,128,single,16,5,manual,0.85,99583.97905761332,-0.0041602094238667635,35,0.34285714285714286,-0.004698633539520158,0.885408361574761,11.5
128,3,0.0005,0.5,40,64,none,16,3,auto,0.85,99861.20638799093,-0.0013879361200907442,17,0.35294117647058826,-0.0015676846537221456,0.8853413961764406,6.7
192,1,0.0005,0.35,20,64,single,16,5,manual,0.85,99581.3525223466,-0.004186474776534014,24,0.3333333333333333,-0.0047304497798759115,0.8850056487955852,7.6
128,3,0.0005,0.2,60,128,double,32,5,all,0.85,100064.77805244351,0.0006477805244350747,16,0.625,-0.000732806884743864,0.8839716682813258,5.8
192,2,0.001,0.2,60,64,single,16,5,auto,0.85,99591.24140405524,-0.004087585959447606,25,0.36,-0.0046287309508468155,0.8830899879155412,15.3
128,2,0.0005,0.35,40,64,single,32,3,all,0.85,98256.03920583916,-0.01743960794160841,31,0.2903225806451613,-0.019755309890907014,0.8827807833900658,10.6
128,2,0.001,0.35,20,128,single,16,5,manual,0.85,99430.6819057599,-0.005693180942400941,43,0.3953488372093023,-0.006474477448208504,0.8793267082853538,3.6
64,1,0.001,0.35,20,128,double,16,5,auto,0.92,98973.22567577427,-0.010267743242257274,41,0.3902439024390244,-0.011687368246546037,0.8785333896954686,5.0
64,1,0.0005,0.35,20,128,single,32,3,auto,0.85,100048.34528432503,0.0004834528432502702,15,0.5333333333333333,-0.0005503722633177777,0.8784106239945652,4.6
192,1,0.0005,0.5,20,64,single,32,3,manual,0.85,99844.08057647655,-0.001559194235234463,12,0.3333333333333333,-0.001778243578894556,0.8768170197491927,6.7
128,2,0.001,0.35,40,128,single,16,3,manual,0.85,99620.18614375837,-0.0037981385624162793,31,0.2903225806451613,-0.0043367584401644566,0.8758012729600517,3.5
64,2,0.001,0.5,20,64,double,16,3,manual,0.85,99622.05812423,-0.0037794187577000413,33,0.2727272727272727,-0.004318048756749238,0.8752607880568042,7.2
128,2,0.0005,0.5,60,64,none,16,3,auto,0.85,97946.74423238804,-0.020532557676119615,23,0.43478260869565216,-0.02349708910789361,0.8738340984212343,8.4
64,2,0.0005,0.2,40,64,single,16,3,manual,0.85,99629.02404350051,-0.0037097595649948924,36,0.3055555555555556,-0.004248427226918761,0.8732077465018636,7.2
128,1,0.0005,0.5,40,64,double,32,5,auto,0.92,97979.60311893518,-0.02020396881064822,44,0.36363636363636365,-0.023180059538678854,0.8716098755887728,8.0
64,1,0.0005,0.35,40,64,double,32,3,manual,0.85,99637.23948229275,-0.003627605177072546,26,0.2692307692307692,-0.004166317257691121,0.8706982576461023,6.5
64,3,0.0005,0.5,20,128,double,32,3,manual,0.85,99516.66054994956,-0.004833394500504364,21,0.2857142857142857,-0.005556620132374457,0.869844327191565,6.7
64,1,0.001,0.2,60,64,single,32,3,manual,0.85,98814.95456633066,-0.011850454336693366,45,0.3111111111111111,-0.013626166892113822,0.8696836337408905,5.1
192,3,0.001,0.2,20,64,double,16,3,manual,0.85,99621.3891341965,-0.0037861086580349367,38,0.34210526315789475,-0.004354192588520767,0.8695317400558934,12.7
128,3,0.001,0.35,20,128,none,16,3,auto,0.85,99000.43012530764,-0.00999569874692359,12,0.08333333333333333,-0.011497983564152547,0.869343628050343,4.3
64,1,0.0005,0.35,20,128,single,16,3,all,0.85,99856.84003644156,-0.0014315996355844253,16,0.4375,-0.0016487167382225332,0.8683114584788046,3.7
192,1,0.001,0.5,40,64,single,16,3,all,0.85,98509.80609223858,-0.014901939077614225,42,0.2619047619047619,-0.017186776377740798,0.8670584145677402,11.4
64,3,0.001,0.2,20,128,single,16,5,all,0.85,98375.22635838248,-0.016247736416175176,27,0.25925925925925924,-0.018757280771196205,0.8662095862597152,4.3
192,1,0.001,0.5,40,64,double,16,3,auto,0.85,99596.8745912493,-0.004031254087506968,23,0.2608695652173913,-0.004657052741411372,0.8656234557234694,9.3
192,3,0.0005,0.35,60,128,none,16,3,manual,0.85,99680.99657734616,-0.0031900342265384096,30,0.3333333333333333,-0.003691630123446865,0.8641261772888241,21.4
128,1,0.001,0.5,20,128,single,32,5,manual,0.85,99682.50519496239,-0.003174948050376115,22,0.22727272727272727,-0.003676551538665307,0.8635668552408521,2.9
64,3,0.001,0.35,60,128,single,16,5,auto,0.85,99500.66601670669,-0.004993339832933125,23,0.21739130434782608,-0.005784534866023594,0.8632223590287817,4.5
128,2,0.001,0.2,20,128,double,16,3,manual,0.85,99663.60062310587,-0.003363993768941291,26,0.3076923076923077,-0.0039028483772443057,0.8619329893918438,4.7
128,1,0.001,0.2,20,128,double,32,3,auto,0.85,99664.70103189061,-0.0033529896810938955,20,0.15,-0.003891850239014727,0.8615412914610889,3.5
192,2,0.0005,0.35,40,128,double,16,5,manual,0.85,100156.68299349392,0.00156682993493916,26,0.6538461538461539,-0.001820827683297277,0.8605042362393344,14.6
192,2,0.0005,0.2,20,64,double,16,3,manual,0.85,99490.28990071709,-0.0050971009928290735,42,0.40476190476190477,-0.005929142115410735,0.8596692225644144,11.4
128,2,0.001,0.5,60,64,single,32,5,all,0.85,98868.3328398959,-0.011316671601041016,33,0.3939393939393939,-0.013177271959300962,0.8588023102197059,6.8
128,2,0.0005,0.35,60,128,double,16,5,auto,0.92,99915.19559742964,-0.0008480440257035662,13,0.38461538461538464,-0.0009881336961260478,0.8582280201842124,4.1
128,2,0.001,0.2,20,64,double,32,3,manual,0.85,98477.28939602732,-0.015227106039726787,33,0.24242424242424243,-0.017755345481135998,0.8576068573773844,8.6
64,3,0.001,0.5,20,64,single,32,3,manual,0.85,99677.48306355029,-0.003225169364497124,29,0.27586206896551724,-0.0037640990314670164,0.8568237279453695,6.3
128,1,0.0005,0.5,20,128,double,32,5,auto,0.85,99610.93057391194,-0.0038906942608805547,20,0.4,-0.004550646388892132,0.8549761788517598,7.0
192,1,0.001,0.35,40,128,double,32,3,auto,0.85,99660.51886496408,-0.0033948113503592323,25,0.32,-0.003970991589523409,0.8549026795512984,8.3
64,2,0.0005,0.5,60,64,single,16,3,auto,0.85,99435.37448687346,-0.005646255131265352,23,0.34782608695652173,-0.006610623518538805,0.8541183922259402,7.1
64,2,0.001,0.2,60,128,single,32,5,manual,0.85,97961.46682963219,-0.020385331703678095,42,0.35714285714285715,-0.023887635753087277,0.8533842325121465,3.3
192,1,0.001,0.5,20,128,single,16,3,auto,0.85,100155.55185249278,0.0015555185249277565,22,0.4090909090909091,-0.0018232543721651284,0.8531549676639835,6.6
64,2,0.0005,0.2,60,128,double,16,5,manual,0.85,99689.9128996951,-0.0031008710030489602,35,0.3142857142857143,-0.0036398678748402746,0.8519185612431147,4.4
128,2,0.0005,0.2,60,128,double,16,3,manual,0.85,99694.9101354013,-0.003050898645987036,25,0.28,-0.003589922536504142,0.8498508296387903,4.5
192,1,0.0005,0.35,40,64,single,16,5,manual,0.85,99681.40824863683,-0.003185917513631721,19,0.2631578947368421,-0.003754680674358135,0.8485188994604329,7.6
192,1,0.001,0.35,20,64,single,32,3,auto,0.85,99019.19668780097,-0.009808033121990302,26,0.23076923076923078,-0.011566375163115095,0.8479781248379263,8.1
64,3,0.001,0.35,60,64,single,16,5,auto,0.85,99610.05867328262,-0.0038994132671738044,24,0.3333333333333333,-0.004608645986460158,0.8461082232460414,7.2
128,1,0.001,0.35,20,64,double,32,5,all,0.85,99619.14892086785,-0.0038085107913214595,23,0.34782608695652173,-0.004501635407555327,0.846028264512368,5.4
64,3,0.001,0.2,20,128,single,32,3,all,0.85,99514.58968482332,-0.004854103151766758,32,0.3125,-0.00573845643543025,0.8458900414049783,4.2
128,2,0.001,0.2,20,128,double,16,5,manual,0.85,100170.75551125171,0.0017075551125171479,32,0.625,-0.002022007574139728,0.8444850228830793,4.2
128,3,0.0005,0.35,20,64,double,16,3,manual,0.85,99420.79058227749,-0.005792094177225081,35,0.4,-0.006859579457050402,0.8443803608502355,12.3
192,2,0.001,0.35,20,64,single,32,5,auto,0.92,97615.01368973787,-0.023849863102621313,41,0.3902439024390244,-0.02826609345910558,0.8437622672240322,11.0
128,2,0.0005,0.2,20,64,single,16,5,all,0.85,99730.71334040293,-0.0026928665959706994,16,0.3125,-0.0031947126681904914,0.8429135498736288,5.9
64,2,0.001,0.2,60,64,double,32,3,all,0.85,99234.28463455124,-0.007657153654487629,18,0.5555555555555556,-0.009089073944469561,0.8424569655027161,6.4
128,3,0.001,0.2,40,128,double,32,5,all,0.85,98833.65501092003,-0.011663449890799675,24,0.3333333333333333,-0.013898219237976517,0.8392046269445517,4.9
64,3,0.001,0.5,60,64,single,32,5,auto,0.92,98666.46110678582,-0.013335388932141796,37,0.32432432432432434,-0.015905379899259664,0.8384200199306467,8.7
192,1,0.0005,0.5,20,128,double,32,5,auto,0.85,98993.33433644683,-0.01006665663553169,19,0.5263157894736842,-0.01200677131646033,0.838414955212073,7.8
64,3,0.0005,0.2,60,128,single,32,3,manual,0.85,99725.18992422459,-0.0027481007577541457,29,0.27586206896551724,-0.0032872883630441496,0.8359780020056724,3.8
64,2,0.0005,0.2,40,64,single,16,3,auto,0.85,99742.6395582335,-0.002573604417665047,20,0.3,-0.003084428745169343,0.8343860825754784,7.8
128,1,0.0005,0.35,20,64,none,16,3,auto,0.92,98870.68999069334,-0.011293100093066605,16,0.125,-0.01354932454727853,0.8334806693618464,6.8
192,1,0.0005,0.5,20,64,double,32,5,manual,0.85,99648.07297802907,-0.0035192702197092878,31,0.2903225806451613,-0.004225267717158365,0.8329105882256652,8.2
192,1,0.001,0.5,20,64,double,32,3,auto,0.85,97793.9405700269,-0.02206059429973102,38,0.3157894736842105,-0.026498141766916117,0.8325336355198486,10.7
192,2,0.001,0.2,60,128,double,16,3,manual,0.85,99639.11719362278,-0.0036088280637722346,42,0.38095238095238093,-0.004344034347072978,0.8307549562088229,19.6
128,3,0.001,0.2,60,128,double,32,3,all,0.85,99463.4996090399,-0.005365003909600928,23,0.30434782608695654,-0.0064721521995203535,0.8289366109156896,5.1
128,1,0.001,0.5,40,128,double,32,5,auto,0.92,98651.41567862192,-0.013485843213780754,35,0.34285714285714286,-0.016276719614560675,0.828535695959075,5.9
192,3,0.001,0.35,60,128,single,16,5,manual,0.85,99509.48630190645,-0.004905136980935494,32,0.5,-0.005927566256051842,0.8275128052643053,21.1
192,2,0.001,0.35,20,128,single,32,5,auto,0.92,98262.48331653839,-0.017375166834616103,25,0.36,-0.021010541781844916,0.8269737646475105,10.5
192,2,0.0005,0.35,20,128,double,32,5,auto,0.92,98719.1797574406,-0.012808202425594063,29,0.2413793103448276,-0.015495323413692641,0.8265850336673793,10.1
128,2,0.001,0.35,20,128,none,16,3,manual,0.85,99744.03559340611,-0.002559644065938919,42,0.42857142857142855,-0.003098933564754991,0.825975779232715,2.8
64,3,0.001,0.2,40,64,double,32,3,auto,0.92,97810.11603795853,-0.021898839620414657,37,0.32432432432432434,-0.026514096196870285,0.8259319668229758,10.9
64,3,0.001,0.35,20,64,double,16,5,auto,0.92,99812.48292209508,-0.0018751707790492218,18,0.2777777777777778,-0.0022723687200585374,0.8252053297938886,6.3
128,1,0.0005,0.5,60,128,double,32,3,manual,0.85,99747.68323465151,-0.002523167653484852,36,0.3611111111111111,-0.003062476874127862,0.8238977001919091,4.3
128,1,0.0005,0.5,60,64,double,32,5,auto,0.85,98826.36343500612,-0.011736365649938817,23,0.34782608695652173,-0.014273566982548891,0.8222447594415537,9.5
128,1,0.0005,0.2,60,64,single,32,3,auto,0.92,99677.72371401663,-0.003222762859833747,24,0.3333333333333333,-0.003922202904984462,0.8216716314543941,6.6
64,2,0.001,0.35,40,64,double,32,5,all,0.85,98547.28171694514,-0.014527182830548555,26,0.38461538461538464,-0.01768947897628803,0.8212329402138754,8.4
192,1,0.001,0.2,40,128,none,16,3,all,0.85,98072.66496181836,-0.019273350381816417,35,0.2,-0.023503856409633594,0.8200080040446807,8.3
64,3,0.001,0.2,20,64,single,32,5,auto,0.92,99457.12095229677,-0.005428790477032308,14,0.2857142857142857,-0.006622170715924525,0.8197901730285417,7.1
192,2,0.0005,0.2,40,64,none,16,3,auto,0.85,98197.83281933167,-0.0180216718066833,24,0.125,-0.022000980177465657,0.8191304051599422,13.4
128,2,0.001,0.5,40,64,single,32,3,all,0.85,99021.87188760818,-0.009781281123918161,30,0.4,-0.01196467270965873,0.8175134716407261,8.4
128,1,0.001,0.35,20,64,double,32,3,manual,0.85,99635.0216114454,-0.0036497838855460577,30,0.3333333333333333,-0.004467091265838885,0.8170381280223646,5.7
192,2,0.001,0.5,40,128,double,32,3,all,0.85,99125.90614808541,-0.008740938519145857,33,0.48484848484848486,-0.010750254226504552,0.8130913311422194,15.4
192,3,0.0005,0.2,20,128,single,16,3,auto,0.92,99637.83292534976,-0.00362167074650235,23,0.2608695652173913,-0.004456642530566879,0.8126455558556271,11.0
192,1,0.001,0.2,60,128,none,16,3,manual,0.85,99553.4112702443,-0.004465887297557055,34,0.38235294117647056,-0.005498046173864846,0.8122680596583213,7.3
64,3,0.0005,0.35,20,128,double,16,3,manual,0.85,99769.54393979926,-0.0023045606020074046,24,0.20833333333333334,-0.0028439880176749366,0.8103271137870217,5.8
192,1,0.001,0.2,20,64,double,32,3,auto,0.85,99378.69670131011,-0.006213032986898907,14,0.5714285714285714,-0.007681727262127236,0.8088067663545743,6.9
64,3,0.001,0.2,60,128,double,32,3,auto,0.85,99667.22581138495,-0.0033277418861504702,15,0.2,-0.00412350652995197,0.8070174891148363,4.1
192,1,0.0005,0.5,60,64,single,32,5,auto,0.92,99727.41427597564,-0.0027258572402436405,27,0.4444444444444444,-0.003387048455336217,0.804788380263387,11.4
64,2,0.0005,0.35,60,64,single,16,5,all,0.85,98260.02221402653,-0.01739977785973475,45,0.4222222222222222,-0.021633204738541356,0.8043088423573044,8.9
192,2,0.0005,0.5,20,64,double,32,3,auto,0.85,100120.78266950171,0.0012078266950171382,21,0.42857142857142855,-0.0015052421920179748,0.8024135261568026,10.0
192,2,0.001,0.2,40,64,double,16,3,auto,0.85,99797.49568388,-0.00202504316120001,14,0.21428571428571427,-0.0025272252829239283,0.8012911135714392,10.7
128,3,0.0005,0.35,40,128,double,16,3,manual,0.85,99783.4360405327,-0.0021656395946729754,26,0.3076923076923077,-0.00270514212123818,0.8005640730187341,4.8
64,2,0.001,0.2,60,128,double,32,3,auto,0.85,99784.20724617208,-0.002157927538279182,19,0.21052631578947367,-0.0026974342345481572,0.7999926413926651,4.0
192,3,0.001,0.5,40,128,double,32,5,all,0.85,98752.66676229733,-0.012473332377026672,28,0.42857142857142855,-0.015602276637316836,0.7994559170418442,22.9
128,3,0.001,0.35,20,128,single,16,3,auto,0.85,99115.56161172912,-0.008844383882708789,35,0.45714285714285713,-0.01107146996951247,0.7988445894776021,6.9
128,2,0.0005,0.5,40,128,single,32,3,manual,0.85,99786.0976957511,-0.0021390230424889888,29,0.3448275862068966,-0.002678539959916737,0.7985779844611617,3.5
64,3,0.0005,0.35,40,128,double,16,3,auto,0.85,99803.36724405662,-0.0019663275594338486,18,0.2777777777777778,-0.002468539226914701,0.796555119722144,6.1
64,2,0.0005,0.35,60,64,single,16,3,all,0.85,99722.4178737565,-0.0027758212624350563,19,0.42105263157894735,-0.0034871437594385934,0.7960157234475314,6.4
192,1,0.0005,0.2,20,64,single,16,3,auto,0.85,99804.25763607139,-0.0019574236392861347,19,0.3157894736842105,-0.0024596397872296283,0.7958171962614267,7.6
64,3,0.001,0.5,60,128,double,32,5,all,0.85,98494.95463104094,-0.01505045368959065,30,0.36666666666666664,-0.018926129029350647,0.7952209174020953,5.6
64,2,0.001,0.5,60,128,single,32,3,manual,0.85,99476.30420045013,-0.005236957995498669,42,0.40476190476190477,-0.006592234216311388,0.7944132176828134,3.5
64,3,0.0005,0.35,40,128,single,16,3,auto,0.85,99807.68694558788,-0.0019231305441212317,16,0.25,-0.00242536394838877,0.7929245198019932,5.6
128,1,0.001,0.35,40,64,none,16,3,auto,0.92,99042.34869331015,-0.009576513066898478,21,0.23809523809523808,-0.012082221265592552,0.7926119590418554,5.7
192,3,0.0005,0.5,20,64,single,16,5,all,0.85,98862.12373640765,-0.011378762635923486,34,0.29411764705882354,-0.014369455415838228,0.7918715293400503,12.0
64,2,0.0005,0.2,40,64,single,32,3,all,0.85,98607.45065916875,-0.013925493408312468,39,0.4358974358974359,-0.017611884293825764,0.7906873095455412,6.6
64,2,0.001,0.35,60,64,single,16,3,auto,0.85,99004.45196390717,-0.00995548036092834,29,0.3793103448275862,-0.012597442341304776,0.7902779065148874,6.8
128,3,0.0005,0.5,40,64,single,16,3,manual,0.85,99813.85874794467,-0.0018614125205532765,18,0.2222222222222222,-0.0023636769813998315,0.7875071489044578,9.9
192,2,0.001,0.5,20,128,single,32,5,all,0.85,98827.66598458265,-0.011723340154173492,29,0.41379310344827586,-0.014914917870782363,0.786014395502571,10.6
192,3,0.0005,0.35,40,128,single,16,5,auto,0.85,99577.30564768899,-0.004226943523110095,22,0.45454545454545453,-0.0053853180973215675,0.7849013645475093,22.9
64,2,0.001,0.5,20,128,double,16,5,auto,0.92,98805.25862860591,-0.011947413713940914,19,0.15789473684210525,-0.01524627070935447,0.7836285962448826,4.4
64,3,0.0005,0.35,20,128,none,16,3,all,0.85,99518.49390463335,-0.004815060953666544,18,0.16666666666666666,-0.0061461854012279105,0.7834226661474564,5.3
192,2,0.001,0.35,40,64,single,32,3,manual,0.85,98207.25168894899,-0.017927483110510074,44,0.4090909090909091,-0.02289704514451474,0.7829605522180149,14.4
64,1,0.0005,0.35,20,64,double,16,3,auto,0.85,99818.92254268419,-0.0018107745731581236,16,0.25,-0.002313064515076735,0.78284654896366,7.9
192,1,0.0005,0.35,40,64,single,16,3,all,0.85,98986.29529998424,-0.010137047000157618,40,0.35,-0.01295171848331822,0.7826796894338083,10.5
64,3,0.001,0.5,40,64,double,16,3,manual,0.85,99647.06996231282,-0.0035293003768718336,29,0.41379310344827586,-0.004517642658828924,0.7812261047195593,9.1
192,3,0.0005,0.5,20,128,single,16,3,all,0.85,99663.84065467354,-0.0033615934532646497,27,0.3333333333333333,-0.004304882752316108,0.7808792124375626,11.8
192,2,0.001,0.2,60,64,double,16,3,auto,0.85,100624.21524160297,0.006242152416029712,49,0.46938775510204084,-0.007995327586233003,0.7807250358044056,16.4
64,2,0.001,0.35,60,128,double,16,3,auto,0.85,99768.79223861292,-0.002312077613870788,25,0.32,-0.0029746014009566224,0.777273087119246,4.3
192,1,0.001,0.35,60,128,none,16,3,all,0.85,99378.67794339907,-0.006213220566009259,23,0.21739130434782608,-0.008015138194649163,0.7751857067364292,9.0
64,3,0.001,0.5,60,64,none,16,3,auto,0.85,98609.73077641337,-0.01390269223586627,28,0.21428571428571427,-0.017935510852183256,0.7751489405819696,7.2
64,1,0.001,0.35,20,64,double,32,3,auto,0.85,99734.97335850257,-0.0026502664149743215,35,0.42857142857142855,-0.003422068606372286,0.7744632617941148,6.6
128,1,0.0005,0.35,20,64,double,16,3,manual,0.85,99827.74287269224,-0.0017225712730776287,18,0.2777777777777778,-0.0022249055989961297,0.7742221844624991,7.0
64,2,0.0005,0.35,40,64,double,32,3,manual,0.85,99815.43422508011,-0.0018456577491988719,36,0.3611111111111111,-0.002385333281446078,0.7737525668027259,7.2
192,1,0.001,0.35,40,128,single,16,5,manual,0.85,99589.1487514003,-0.004108512485997053,32,0.5,-0.005312020481543112,0.7734368683765982,7.2
128,3,0.0005,0.2,20,128,none,16,3,all,0.85,99865.53190959038,-0.001344680904096167,11,0.2727272727272727,-0.001738875230748338,0.7733049964243114,3.3
64,1,0.0005,0.5,40,128,double,32,5,auto,0.92,98315.11393469918,-0.016848860653008158,37,0.32432432432432434,-0.021819978329841616,0.7721758655445218,5.7
64,3,0.0005,0.35,20,128,single,16,3,all,0.85,99681.68680712598,-0.0031831319287401855,18,0.2222222222222222,-0.004123506529951859,0.7719478326562388,4.9
192,1,0.0005,0.5,60,64,double,16,5,auto,0.92,100117.46364932932,0.0011746364932932192,26,0.46153846153846156,-0.0015217529964756116,0.7718969478053822,13.0
64,2,0.001,0.2,60,64,single,32,5,all,0.85,98652.9169007907,-0.013470830992092961,28,0.39285714285714285,-0.017467439510153282,0.771196659033099,6.6
192,1,0.0005,0.5,20,128,double,16,3,auto,0.85,99832.29130475827,-0.0016770869524173032,15,0.2,-0.0021794441660971664,0.769502141190679,6.2
128,2,0.001,0.5,60,128,single,32,3,auto,0.92,98318.60105558402,-0.016813989444159815,33,0.3939393939393939,-0.021964986132808173,0.7654905558554151,5.4
192,2,0.001,0.2,60,128,double,16,3,all,0.85,98536.67419930453,-0.01463325800695471,29,0.5172413793103449,-0.019147037572269765,0.7642570267970716,26.3
64,2,0.001,0.5,40,128,single,32,5,manual,0.85,99776.40987147226,-0.0022359012852773592,28,0.39285714285714285,-0.0029302841668769064,0.7630322378120687,3.7
192,3,0.001,0.35,40,128,single,32,3,auto,0.85,99839.27184257978,-0.0016072815742022067,13,0.23076923076923078,-0.002109673914027055,0.7618625625104992,13.7
192,1,0.0005,0.5,20,64,double,16,3,auto,0.85,99673.28621926675,-0.003267137807332474,20,0.2,-0.004288446285449554,0.7618465033403078,9.4
64,1,0.0005,0.5,60,128,single,16,5,auto,0.85,99656.04229569665,-0.003439577043033496,21,0.5238095238095238,-0.004515798371176882,0.7616763992359323,6.1
192,3,0.0005,0.35,40,64,double,16,3,auto,0.85,99790.79706991426,-0.0020920293008573937,30,0.43333333333333335,-0.0027561903988817527,0.7590293115113441,18.9
64,2,0.0005,0.2,20,128,double,32,5,auto,0.92,98697.30082196859,-0.01302699178031413,28,0.2857142857142857,-0.017252855024305513,0.7550629598383535,4.8
64,1,0.0005,0.2,40,64,double,16,3,auto,0.92,99834.57958420803,-0.0016542041579197394,17,0.29411764705882354,-0.0021939832040367424,0.7539730271754791,7.4
128,3,0.001,0.5,20,128,double,32,3,all,0.85,99533.31781040702,-0.004666821895929752,33,0.42424242424242425,-0.006195476878533945,0.753262741097353,5.9
192,2,0.001,0.35,40,128,single,16,3,auto,0.92,98611.06397384216,-0.013889360261578405,26,0.34615384615384615,-0.01851696826310467,0.7500882468569737,17.8
192,3,0.0005,0.35,40,128,double,32,3,manual,0.85,99545.39625349351,-0.004546037465064874,36,0.4444444444444444,-0.006089179218916385,0.7465763942277059,20.7
64,3,0.0005,0.35,20,64,none,16,3,all,0.85,99136.9028802239,-0.008630971197760955,14,0.21428571428571427,-0.011597845909575799,0.7441874348955408,7.8
128,2,0.0005,0.5,20,64,double,16,5,auto,0.85,99828.67826724735,-0.0017132173275265087,20,0.3,-0.002306913480020767,0.7426448119376745,9.7
64,1,0.0005,0.35,60,64,double,16,3,manual,0.85,99230.4124016441,-0.007695875983558945,48,0.4375,-0.010364877611558798,0.7424955963760332,10.9
64,2,0.001,0.35,40,128,single,16,5,manual,0.85,99505.52495440743,-0.004944750455925678,36,0.4444444444444444,-0.006689356370162658,0.7391967451429773,4.0
128,1,0.0005,0.5,40,64,double,32,3,auto,0.92,100924.32986203331,0.00924329862033308,45,0.4,-0.012536716395553427,0.7372982149944407,8.5
128,3,0.0005,0.5,60,128,single,32,5,all,0.85,98406.69144377473,-0.01593308556225267,37,0.40540540540540543,-0.02167978953784855,0.7349280552025983,8.6
64,2,0.0005,0.2,40,64,double,32,5,manual,0.85,99766.86725886102,-0.002331327411389793,40,0.35,-0.0031742377264585286,0.7344526819643203,8.4
128,1,0.001,0.2,40,128,single,16,5,auto,0.85,98567.04112329373,-0.01432958876706267,26,0.4230769230769231,-0.019562302679688393,0.7325103287529199,4.6
128,3,0.0005,0.2,60,128,single,32,3,auto,0.85,99864.3435043579,-0.0013565649564210617,13,0.23076923076923078,-0.0018590834571301507,0.7296955664998376,4.3
128,3,0.001,0.35,40,64,single,16,3,manual,0.85,100055.40799089975,0.0005540799089975189,22,0.5909090909090909,-0.0007631638411039754,0.7260300857493452,5.2
128,1,0.0005,0.35,20,64,single,32,3,auto,0.85,99813.37114698214,-0.0018662885301785719,21,0.42857142857142855,-0.002576282684246034,0.7244113938237152,5.5
192,2,0.001,0.2,60,64,double,16,5,manual,0.85,99701.78652154877,-0.0029821347845123093,30,0.4,-0.004125968045893824,0.7227721473703944,14.1
192,2,0.001,0.5,20,128,double,32,5,auto,0.92,99870.50016492547,-0.0012949983507452999,13,0.23076923076923078,-0.0017975478318397187,0.7204249744052266,7.7
64,3,0.0005,0.35,40,64,double,16,3,auto,0.92,99871.85052049758,-0.0012814947950241912,16,0.3125,-0.001784051071123005,0.7183061156525804,6.6
64,3,0.001,0.5,40,128,single,16,5,auto,0.92,100086.03975592199,0.0008603975592198549,20,0.55,-0.0012007888410602297,0.7165269444544237,5.0
64,3,0.0005,0.35,20,128,double,16,5,all,0.85,99900.88201832853,-0.0009911798167147208,11,0.45454545454545453,-0.0013855136791210976,0.7153879688459497,3.4
192,3,0.001,0.2,20,64,double,16,3,auto,0.92,99868.05256941372,-0.0013194743058628229,18,0.2777777777777778,-0.001845213274779045,0.7150795650008659,11.7
192,1,0.0005,0.2,60,64,single,16,3,manual,0.85,99646.85243923479,-0.0035314756076521006,36,0.3333333333333333,-0.004940991618834212,0.7147301351798943,9.4
128,1,0.0005,0.2,60,64,none,16,3,all,0.85,99558.03585661414,-0.004419641433858633,22,0.13636363636363635,-0.006187551958627191,0.7142794862023595,5.8
128,3,0.001,0.5,20,128,single,32,5,auto,0.85,99895.0775080674,-0.001049224919325934,15,0.3333333333333333,-0.0014719288759544868,0.712823110182925,3.8
64,2,0.0005,0.5,40,64,double,16,5,manual,0.85,98808.99819845834,-0.011910018015416572,43,0.4418604651162791,-0.016825012767385572,0.7078757193280432,9.8
192,3,0.001,0.2,20,128,double,16,5,manual,0.85,99347.25057433416,-0.0065274942566583925,30,0.36666666666666664,-0.009251815763568483,0.7055365588193141,14.7
128,2,0.001,0.2,60,128,double,16,3,auto,0.85,99614.99591642046,-0.003850040835795371,24,0.4166666666666667,-0.005470474685915994,0.7037855134779237,4.8
64,3,0.0005,0.35,40,128,double,32,3,manual,0.85,99881.15858107686,-0.0011884141892314073,12,0.25,-0.0016910173035958875,0.7027806201061854,3.9
128,1,0.001,0.35,60,128,double,32,5,auto,0.85,99358.17672247023,-0.006418232775297656,20,0.45,-0.00914961957580085,0.7014753697817956,4.7
192,1,0.001,0.5,20,128,single,16,5,all,0.85,98993.82904341895,-0.010061709565810453,26,0.5,-0.014369455415838117,0.7002150933792776,5.5
128,2,0.0005,0.35,60,64,single,16,3,auto,0.85,99850.77681501606,-0.0014922318498394452,16,0.25,-0.0021350524046027664,0.6989204792456043,6.0
64,3,0.0005,0.5,20,64,double,16,3,auto,0.85,99886.21396944614,-0.0011378603055386338,11,0.18181818181818182,-0.0016404888586742938,0.6936105048943505,7.2
128,2,0.001,0.35,20,64,single,32,5,all,0.85,99820.69008707303,-0.0017930991292696853,17,0.5294117647058824,-0.0025974761139336833,0.6903236259424811,6.9
192,3,0.0005,0.5,20,128,single,16,5,auto,0.85,99824.32014239863,-0.0017567985760136798,21,0.42857142857142855,-0.0025494929119490584,0.6890776466880338,9.5
128,3,0.0005,0.5,60,64,single,16,5,all,0.85,98442.96233677007,-0.015570376632299304,33,0.3939393939393939,-0.02261148059228424,0.6886049132763299,13.7
64,1,0.0005,0.35,60,128,double,16,5,all,0.85,98975.13755140542,-0.010248624485945766,29,0.5517241379310345,-0.014887419816386749,0.6884083751480556,5.5
128,2,0.001,0.5,20,64,double,16,3,auto,0.85,99889.65828795439,-0.0011034171204561427,10,0.2,-0.001606063005441305,0.6870322750214596,6.5
64,1,0.0005,0.5,20,64,double,16,3,all,0.85,99496.45489560424,-0.005035451043957582,28,0.35714285714285715,-0.007341197069446248,0.6859168874399131,12.8
128,1,0.001,0.2,40,64,double,32,3,manual,0.85,99678.7076705846,-0.003212923294154025,44,0.38636363636363635,-0.004721769850001389,0.6804489410158522,6.0
128,3,0.001,0.2,20,128,double,16,5,manual,0.85,99673.92527827412,-0.0032607472172587588,21,0.42857142857142855,-0.004795109918533602,0.6800151138674901,5.6
192,1,0.001,0.35,60,64,single,16,3,auto,0.85,100249.42248493205,0.0024942248493204536,34,0.5294117647058824,-0.00370785198278889,0.6726872757861285,9.6
192,3,0.001,0.5,40,128,none,16,3,all,0.85,99483.42139853511,-0.005165786014648911,28,0.25,-0.007719856209804643,0.6691557296220204,15.4
128,3,0.0005,0.5,40,64,single,16,5,auto,0.85,99908.20056933368,-0.0009179943066631676,19,0.42105263157894735,-0.001375640810829526,0.667321221816331,9.0
64,3,0.001,0.5,60,128,double,32,5,auto,0.85,99462.56054885239,-0.00537439451147613,24,0.5416666666666666,-0.008086804187160457,0.664588184292769,6.2
128,1,0.0005,0.5,20,128,single,32,5,manual,0.85,99773.01273099515,-0.0022698726900485054,25,0.44,-0.003432932273487621,0.6612052057008605,3.4
128,2,0.001,0.35,60,128,double,16,5,manual,0.85,99630.08537553792,-0.003699146244620788,40,0.45,-0.005603037249669152,0.6602037573173756,4.7
128,2,0.0005,0.5,40,64,single,16,5,auto,0.92,99197.5757523358,-0.008024242476641958,42,0.42857142857142855,-0.012182644358705197,0.6586618011965667,6.9
64,1,0.001,0.35,60,128,double,32,5,auto,0.92,98671.72789831785,-0.013282721016821451,36,0.4444444444444444,-0.020189432840813204,0.6579046138418636,5.6
128,3,0.0005,0.2,20,128,double,16,5,manual,0.85,99859.19402920124,-0.001408059707987559,27,0.4074074074074074,-0.0021428246273306195,0.6571045012403188,5.8
64,1,0.001,0.2,40,64,single,16,3,auto,0.92,99300.18611528711,-0.006998138847128866,40,0.475,-0.010666113309850789,0.656109554045865,5.8
64,3,0.0005,0.2,40,128,double,32,5,manual,0.85,99872.83155949671,-0.0012716844050328655,19,0.3684210526315789,-0.001953441900402586,0.6509967891908038,4.7
192,2,0.001,0.2,40,128,single,16,3,all,0.85,99449.68108551251,-0.005503189144874923,34,0.4117647058823529,-0.008486941490388089,0.6484301972751405,13.7
64,1,0.001,0.5,20,128,single,16,3,all,0.85,99740.25886439563,-0.00259741135604374,26,0.4230769230769231,-0.004019820246191963,0.6461511204398523,3.5
192,3,0.001,0.35,20,64,single,16,5,auto,0.85,99189.82712075603,-0.00810172879243968,20,0.55,-0.012562099718019248,0.6449342844189057,13.2
128,2,0.001,0.2,40,128,single,16,3,all,0.85,98954.53959074902,-0.010454604092509836,41,0.36585365853658536,-0.01626021134296929,0.6429562243685274,5.7
128,2,0.0005,0.2,40,64,double,16,3,auto,0.85,99829.70276832879,-0.001702972316712112,17,0.23529411764705882,-0.0026533302577790296,0.641824481411366,6.3
128,2,0.0005,0.2,40,64,double,32,3,manual,0.85,99812.67874593822,-0.001873212540617824,31,0.41935483870967744,-0.0029361395170053317,0.6379848538424961,7.1
128,2,0.001,0.5,60,128,single,16,5,auto,0.92,98754.97727544427,-0.012450227245557326,22,0.5454545454545454,-0.019556752780335307,0.6366203727888952,5.4
192,1,0.001,0.5,20,128,double,16,3,manual,0.85,99771.93190755702,-0.002280680924429762,29,0.4482758620689655,-0.003588070080159267,0.6356288682991742,5.1
192,3,0.001,0.5,20,128,single,16,5,auto,0.92,99609.76211019277,-0.0039023788980723476,35,0.4,-0.006141808176223118,0.6353794820847207,11.2
192,2,0.001,0.35,60,128,single,16,5,manual,0.85,99711.02526671738,-0.0028897473328262278,37,0.4594594594594595,-0.00455114564509318,0.6349494299181153,13.8
64,3,0.001,0.5,20,64,double,16,3,auto,0.92,99896.15959077336,-0.0010384040922664282,12,0.25,-0.0016404888586742938,0.6329845440740022,6.0
128,3,0.0005,0.35,60,128,single,32,3,auto,0.85,99863.35539807097,-0.0013664460192903062,15,0.2,-0.00218995824242596,0.6239598512968012,4.1
128,3,0.0005,0.35,60,128,double,32,3,auto,0.85,99863.35539807097,-0.0013664460192903062,15,0.2,-0.00218995824242596,0.6239598512968012,4.9
64,3,0.001,0.5,40,128,single,16,5,manual,0.85,99679.6473407847,-0.003203526592153066,30,0.5,-0.005164946830014339,0.6202438665073678,4.9
192,2,0.001,0.5,60,128,double,32,5,auto,0.92,99858.56513976949,-0.0014143486023051083,10,0.5,-0.002283709516648358,0.6193207113227123,14.5
128,2,0.0005,0.5,40,64,double,32,5,auto,0.85,99837.83922658923,-0.0016216077341076743,30,0.36666666666666664,-0.002619470651912037,0.6190593251823646,8.1
128,3,0.0005,0.5,20,64,double,16,3,manual,0.85,99812.02852436774,-0.0018797147563226462,37,0.43243243243243246,-0.003048019579902528,0.6167003547866833,10.8
128,1,0.001,0.35,60,128,single,16,3,manual,0.85,99015.04077392064,-0.009849592260793578,48,0.4375,-0.016027792347931835,0.6145320607466276,4.1
192,1,0.001,0.2,40,128,single,16,5,auto,0.92,99782.01353379355,-0.0021798646620645014,30,0.36666666666666664,-0.0035481081092476607,0.6143738000493787,6.9
192,3,0.001,0.5,60,64,single,32,5,all,0.85,99275.2134763577,-0.007247865236422949,24,0.4166666666666667,-0.011851423968430752,0.6115607082937426,23.8
64,3,0.0005,0.2,40,64,double,16,3,all,0.85,99772.85193951725,-0.0022714806048275203,22,0.3181818181818182,-0.003752929754006651,0.6052552948539668,11.8
128,3,0.0005,0.2,20,128,single,32,5,manual,0.85,99801.15399153596,-0.001988460084640392,24,0.4583333333333333,-0.0033044177740000347,0.601758076804356,4.6
192,2,0.001,0.35,40,64,double,32,3,auto,0.85,99066.51077160457,-0.00933489228395425,35,0.37142857142857144,-0.015778529563376997,0.5916199127719194,15.9
64,1,0.0005,0.5,40,64,double,16,3,auto,0.85,99874.00532575596,-0.00125994674244037,19,0.3157894736842105,-0.0021311228745162225,0.5912126219969299,8.3
192,2,0.0005,0.5,40,128,double,16,5,manual,0.85,99854.37884790453,-0.0014562115209546755,25,0.4,-0.002476284286878516,0.5880631431015156,13.0
128,3,0.0005,0.35,40,64,single,16,3,auto,0.85,99884.2430108914,-0.001157569891086023,15,0.26666666666666666,-0.0019812543616331,0.584261119370794,7.7
192,1,0.001,0.5,40,128,single,16,3,manual,0.85,99672.4891097315,-0.003275108902685024,34,0.35294117647058826,-0.0056344190131486505,0.5812682541078559,8.7
64,3,0.0005,0.5,60,128,double,32,5,auto,0.92,98870.56812573723,-0.011294318742627657,37,0.3783783783783784,-0.019451878185981486,0.580628699945654,8.3
192,2,0.0005,0.5,40,64,double,16,3,auto,0.92,100147.35139227535,0.001473513922753482,27,0.5185185185185185,-0.002542028511917982,0.5796606591330887,17.3
192,2,0.001,0.5,60,128,single,16,5,all,0.85,98980.44852718679,-0.010195514728132111,41,0.3902439024390244,-0.017681795826776092,0.5766108164586273,20.1
128,2,0.001,0.5,40,128,single,16,5,all,0.85,100240.30710334308,0.0024030710334307513,18,0.5,-0.004182746575006613,0.5745198735658404,5.3
128,1,0.0005,0.5,40,128,single,32,5,all,0.85,99803.91801173596,-0.001960819882640353,17,0.5294117647058824,-0.0034189076224238057,0.573522334964478,5.5
128,3,0.001,0.5,60,128,single,16,3,auto,0.85,99446.8599733027,-0.005531400266973069,27,0.37037037037037035,-0.009681489312541092,0.5713377444736597,4.7
128,1,0.0005,0.35,60,64,double,16,5,auto,0.85,99588.9317178978,-0.004110682821022056,40,0.4,-0.007239709730845756,0.5677966346506876,8.3
128,1,0.0005,0.5,60,64,single,16,3,auto,0.85,99554.96261270206,-0.0044503738729793985,35,0.37142857142857144,-0.007842596963762327,0.5674617596113751,7.5
64,2,0.0005,0.35,40,64,single,32,3,auto,0.85,99711.23858830554,-0.0028876141169446056,29,0.5172413793103449,-0.005095514913440513,0.5666972162769859,8.5
64,2,0.001,0.2,20,64,double,32,3,all,0.85,98994.12885617555,-0.0100587114382445,40,0.5,-0.017873891417634846,0.5627600170111984,8.2
64,1,0.0005,0.5,40,64,double,32,5,auto,0.92,99566.92678464345,-0.0043307321535654775,33,0.42424242424242425,-0.007832575960345478,0.5529128827464902,7.5
64,2,0.001,0.35,40,128,double,32,3,manual,0.85,99831.9812756157,-0.0016801872438429563,40,0.4,-0.003048019579902861,0.5512389929911484,4.2
128,1,0.001,0.35,40,64,double,16,3,auto,0.92,98948.62285917882,-0.01051377140821176,32,0.4375,-0.019120161461633756,0.5498787983202205,9.4
128,1,0.001,0.5,60,64,single,32,5,all,0.85,99043.03777699308,-0.009569622230069217,36,0.4722222222222222,-0.017407280828424465,0.5497482532965698,7.5
192,3,0.001,0.2,60,128,double,16,3,auto,0.92,99818.15684705871,-0.0018184315294129192,18,0.3888888888888889,-0.0033375196531557627,0.5448451899582125,22.9
192,2,0.0005,0.35,20,128,single,16,5,manual,0.85,99736.29488847866,-0.0026370511152133988,43,0.4883720930232558,-0.00484797262678105,0.5439492584272995,8.8
64,3,0.0005,0.5,40,64,double,16,5,auto,0.92,99697.69131114506,-0.003023086888549442,40,0.5,-0.005643313847233378,0.535693560625111,9.2
128,1,0.001,0.2,20,128,single,16,3,manual,0.85,99610.185367766,-0.003898146322340035,50,0.46,-0.007320379307500624,0.5325060572128971,4.3
192,3,0.0005,0.5,60,64,double,16,3,auto,0.85,99617.91620081784,-0.003820837991821609,24,0.25,-0.007248728857172648,0.5271045540682451,22.8
192,2,0.0005,0.5,60,64,double,32,5,auto,0.92,99122.54417446788,-0.008774558255321172,37,0.5135135135135135,-0.016688583726235717,0.5257820794898792,18.3
192,3,0.001,0.2,40,64,single,16,3,auto,0.85,99892.27764009329,-0.0010772235990670741,19,0.47368421052631576,-0.0020556792224526443,0.5240231974431456,14.3
64,3,0.001,0.2,20,64,single,16,5,manual,0.85,99840.40461887782,-0.0015959538112218434,34,0.47058823529411764,-0.003048019579902639,0.5236035298936046,6.4
64,3,0.0005,0.5,40,128,single,16,5,auto,0.92,99686.33308736431,-0.0031366691263568646,30,0.4666666666666667,-0.006027925242353849,0.5203563415680359,6.4
192,3,0.001,0.2,20,128,single,16,5,auto,0.85,99017.4170802528,-0.009825829197472049,21,0.47619047619047616,-0.019062486497819164,0.5154537000509439,11.9
64,2,0.0005,0.2,40,64,double,32,3,manual,0.85,99861.83243713992,-0.0013816756286007877,39,0.41025641025641024,-0.0027499169656989286,0.5024426722097829,7.2
192,3,0.0005,0.5,60,128,double,16,5,auto,0.92,99915.75356708869,-0.0008424643291131361,14,0.35714285714285715,-0.0016805655100288197,0.5012981190472539,18.9
128,3,0.0005,0.5,20,128,double,32,5,all,0.85,100050.47549307767,0.0005047549307766894,11,0.5454545454545454,-0.0010163720715147262,0.4966241644405279,5.8
64,2,0.0005,0.35,60,128,single,16,5,manual,0.85,99703.16994088386,-0.0029683005911613873,41,0.4878048780487805,-0.006054993974549672,0.49022354169760324,5.6
192,1,0.001,0.2,60,64,single,16,3,auto,0.92,99912.83117471244,-0.0008716882528756104,24,0.2916666666666667,-0.0017787602542046477,0.4900538174355464,8.1
128,3,0.0005,0.5,60,64,double,16,5,all,0.85,99234.5333796956,-0.007654666203044035,48,0.5625,-0.01600617595114162,0.47823204158255395,11.2
64,3,0.0005,0.5,40,64,double,32,5,all,0.85,99938.75092391757,-0.0006124907608242938,15,0.4,-0.0012879644406822433,0.47554943403550287,7.3
64,3,0.001,0.5,60,128,double,32,3,auto,0.92,99745.86514130815,-0.002541348586918466,28,0.5,-0.0053829284617114,0.4721126437022149,5.5
128,1,0.0005,0.35,20,128,single,32,5,auto,0.92,99834.93220249863,-0.0016506779750136776,22,0.5454545454545454,-0.003538055955786823,0.4665494259110964,3.8
192,3,0.001,0.35,60,128,double,16,5,all,0.85,99282.24329790116,-0.0071775670209883536,35,0.6,-0.015461366071882976,0.4642259285252294,30.7
128,3,0.0005,0.5,20,128,double,16,3,auto,0.85,99901.4405385037,-0.0009855946149630473,16,0.3125,-0.0021311228745162225,0.46247667215658933,5.3
192,2,0.001,0.35,40,64,single,32,5,auto,0.85,100269.66613516373,0.0026966613516373034,21,0.42857142857142855,-0.005836151325723682,0.4620615883881177,12.1
64,2,0.001,0.2,20,128,double,16,3,auto,0.85,100087.25985956783,0.0008725985956782825,16,0.4375,-0.0019397020377013297,0.4498621843550607,4.2
128,1,0.0005,0.2,40,64,none,16,3,manual,0.85,99776.66951918899,-0.002233304808110115,39,0.358974358974359,-0.005006050219897196,0.4461211354279978,5.1
128,2,0.0005,0.5,60,128,single,16,3,auto,0.92,99921.74128992323,-0.0007825871007677051,14,0.2857142857142857,-0.0017975478318397187,0.43536371433674637,4.1
192,2,0.001,0.5,60,128,double,32,3,auto,0.85,99859.0593434334,-0.001409406565665995,27,0.4444444444444444,-0.003272636851448185,0.4306639048699564,16.2
128,1,0.001,0.5,20,128,single,32,5,auto,0.92,100060.53162869683,0.0006053162869683001,24,0.4583333333333333,-0.0014193940675492067,0.4264610518018213,3.6
128,1,0.0005,0.35,20,64,single,16,5,auto,0.92,100090.49246569155,0.0009049246569155366,22,0.36363636363636365,-0.0021311228745162225,0.4246234075644089,5.6
64,3,0.0005,0.5,40,64,double,16,3,manual,0.85,99926.87992413212,-0.0007312007586787513,30,0.4666666666666667,-0.0017953438883100414,0.4072761566404034,9.1
64,3,0.0005,0.35,40,64,single,16,3,auto,0.85,99911.8701512389,-0.0008812984876110568,21,0.3333333333333333,-0.00218995824242596,0.4024270739677597,8.3
192,3,0.0005,0.35,60,128,single,16,5,all,0.85,99410.85828869385,-0.00589141711306147,36,0.5,-0.014784761268306967,0.3984790153961078,31.7
192,2,0.001,0.5,40,128,single,16,5,auto,0.92,99836.09577288039,-0.0016390422711960854,18,0.5,-0.004182746575006613,0.3918578957161645,15.6
64,1,0.0005,0.5,40,128,double,32,5,manual,0.85,99892.42729433348,-0.0010757270566652006,33,0.36363636363636365,-0.0027499169656993727,0.3911852867134176,4.9
64,2,0.001,0.35,40,64,single,32,5,auto,0.92,99877.81339561814,-0.0012218660438185907,19,0.5789473684210527,-0.0031501128072629614,0.3878800914689254,6.3
128,1,0.0005,0.2,40,64,double,16,5,manual,0.85,99858.25561889276,-0.001417443811072444,42,0.40476190476190477,-0.0036790235742403254,0.3852771754432504,7.5
128,1,0.0005,0.35,40,128,double,16,3,auto,0.92,99633.36296889023,-0.0036663703110977074,33,0.48484848484848486,-0.00970337708307889,0.3778447729802504,7.1
64,3,0.0005,0.2,40,64,double,16,3,auto,0.92,99938.20768939483,-0.0006179231060517486,14,0.35714285714285715,-0.0016404888586742938,0.3766701021981353,6.8
192,1,0.0005,0.35,60,128,single,16,3,auto,0.85,99902.79910859217,-0.0009720089140783239,26,0.4230769230769231,-0.002641079771024901,0.3680346670108812,11.0
128,1,0.0005,0.5,60,64,single,16,3,manual,0.85,99817.68708050999,-0.0018231291949001025,44,0.4090909090909091,-0.005085947259118373,0.35846403865700605,7.5
128,3,0.001,0.2,40,64,single,32,5,manual,0.85,99707.4600641941,-0.0029253993580589306,36,0.3611111111111111,-0.008368774192980766,0.3495612727264864,7.9
192,1,0.001,0.35,40,128,single,16,3,manual,0.85,99384.9973872663,-0.006150026127337041,48,0.4375,-0.01771266711497399,0.34721061980202367,10.1
64,2,0.001,0.2,40,64,double,16,3,auto,0.85,100099.24412203721,0.0009924412203721296,27,0.3333333333333333,-0.0028713796293936555,0.3456321867762577,7.1
128,1,0.0005,0.5,20,64,double,32,3,auto,0.92,99889.13595127538,-0.0011086404872461572,28,0.42857142857142855,-0.003213942427601757,0.34494721427646247,7.3
192,3,0.001,0.2,60,128,single,32,5,manual,0.85,99641.22243806696,-0.00358777561933035,37,0.32432432432432434,-0.010558676650361365,0.3397940611437855,27.8
128,2,0.001,0.2,20,128,double,16,3,auto,0.92,99879.49962248844,-0.0012050037751156195,22,0.5,-0.0035636279990372,0.33813960813002375,4.2
128,3,0.0005,0.5,40,64,single,16,3,auto,0.92,99510.05109353615,-0.004899489064638474,44,0.5454545454545454,-0.014526385750101012,0.3372820430990141,12.0
64,1,0.0005,0.5,20,128,single,16,5,auto,0.85,100046.33005176828,0.000463300517682801,22,0.4090909090909091,-0.001375640810829526,0.3367888725280154,4.6
192,1,0.001,0.35,40,128,single,32,3,auto,0.85,99895.38303335202,-0.0010461696664798364,31,0.41935483870967744,-0.0031098038192513,0.33641018124793054,7.8
192,2,0.001,0.35,40,128,double,16,5,auto,0.85,99811.0451477355,-0.0018895485226450546,17,0.47058823529411764,-0.005619118883443908,0.33627131972815055,16.5
64,1,0.0005,0.2,40,64,double,16,3,auto,0.85,99928.65194159414,-0.0007134805840585613,19,0.3157894736842105,-0.0021350524046027664,0.33417474087307325,7.4
192,1,0.001,0.35,60,64,single,32,3,manual,0.85,99914.03712953991,-0.0008596287046009093,21,0.5714285714285714,-0.0025845977966671985,0.33259670255441215,8.0
192,1,0.0005,0.35,20,64,double,32,3,auto,0.92,99665.7414505093,-0.0033425854949069617,35,0.4857142857142857,-0.010073057962997733,0.3318342361560492,9.5
64,2,0.0005,0.2,60,128,single,32,5,auto,0.92,99877.05880099218,-0.0012294119900782244,13,0.46153846153846156,-0.003756237821663122,0.3272987623381862,5.0
192,2,0.001,0.2,20,64,double,16,5,manual,0.85,100059.55626098563,0.0005955626098562789,29,0.6206896551724138,-0.001835371034395794,0.32449166882070724,8.6
64,3,0.001,0.2,20,128,double,16,5,all,0.85,99872.04805624194,-0.0012795194375806022,39,0.46153846153846156,-0.00398518994192365,0.32106862062463665,5.9
64,3,0.001,0.5,40,128,double,32,3,manual,0.85,99952.3260614483,-0.00047673938551699393,19,0.42105263157894735,-0.001644638102525131,0.28987494864981034,3.8
128,1,0.0005,0.2,40,128,double,32,3,auto,0.85,99926.99634753585,-0.000730036524641473,26,0.34615384615384615,-0.00252149320145989,0.289525478085286,4.9
128,3,0.001,0.2,40,64,single,32,5,all,0.85,99904.77640797468,-0.0009522359202531515,24,0.5,-0.0033430621483980794,0.28483943103164916,7.1
192,3,0.001,0.35,60,64,single,32,5,manual,0.85,99891.42496555796,-0.0010857503444203758,42,0.40476190476190477,-0.0038418300527995886,0.2826127989782308,21.4
64,2,0.001,0.2,60,128,single,16,3,all,0.85,99973.11246082885,-0.0002688753917114809,12,0.5,-0.0009530370996656545,0.2821247901113273,3.3
192,1,0.0005,0.5,60,64,single,32,5,all,0.85,99562.19064021604,-0.004378093597839616,36,0.4722222222222222,-0.016025713794598828,0.2731918000005199,13.7
192,1,0.001,0.5,40,64,double,16,3,manual,0.85,99731.21466070568,-0.002687853392943216,40,0.4,-0.010216434345025394,0.26309114336470935,14.0
192,1,0.0005,0.5,60,128,single,16,3,manual,0.85,99837.5551516251,-0.0016244484837490017,43,0.3488372093023256,-0.006281447393892026,0.25861053701231157,15.6
64,2,0.001,0.2,20,64,double,16,5,auto,0.92,99906.95095135467,-0.0009304904864533456,26,0.5,-0.003618280154554121,0.2571637481642185,6.8
192,2,0.001,0.2,40,128,double,16,3,all,0.85,99536.60417371787,-0.004633958262821252,40,0.5,-0.01885977464027344,0.24570591914316034,21.9
64,3,0.001,0.5,60,128,single,32,5,manual,0.85,99927.1793939804,-0.0007282060601959528,40,0.5,-0.003048019579903083,0.23891121467766535,3.9
64,3,0.0005,0.35,60,64,single,32,5,manual,0.85,99927.1793939804,-0.0007282060601959528,40,0.5,-0.003048019579903083,0.23891121467766535,7.0
192,1,0.0005,0.5,20,64,single,16,5,auto,0.92,100089.93892814552,0.0008993892814552237,27,0.4444444444444444,-0.00377206428683885,0.23843423999778915,7.4
192,3,0.001,0.35,40,64,single,32,3,all,0.85,100126.66216808444,0.0012666216808444005,36,0.5277777777777778,-0.005404737202734711,0.23435398120809836,16.1
64,3,0.0005,0.2,20,128,single,32,5,auto,0.92,100058.9897470986,0.0005898974709860341,23,0.6521739130434783,-0.002521493201460001,0.23394767459395496,5.3
128,3,0.0005,0.5,20,128,double,16,5,auto,0.92,99987.91641190865,-0.00012083588091350976,5,0.6,-0.0005233226481288211,0.23090130218053317,5.8
192,3,0.001,0.2,40,128,double,16,5,auto,0.92,100021.15847406979,0.0002115847406978719,12,0.5,-0.0009530370996656545,0.22201102220690072,22.5
64,3,0.0005,0.35,20,128,single,32,3,manual,0.85,99951.80658600344,-0.00048193413996559684,29,0.3793103448275862,-0.00218995824242596,0.22006544719853965,5.8
192,2,0.001,0.2,40,64,single,32,3,manual,0.85,99802.1395113221,-0.001978604886779067,41,0.34146341463414637,-0.009066153099745677,0.21824084206503974,14.4
192,1,0.0005,0.35,40,128,single,16,3,all,0.85,99923.47794740814,-0.0007652205259185576,29,0.3793103448275862,-0.0035296436690014366,0.21679823735154669,8.9
128,2,0.0005,0.5,40,64,single,16,5,manual,0.85,100082.36536251621,0.0008236536251621146,35,0.4857142857142857,-0.0039058244789147434,0.21087829973121877,8.4
64,1,0.0005,0.35,60,64,double,32,5,auto,0.85,99753.10819647882,-0.0024689180352118274,22,0.5,-0.011976909767623,0.20613982096500522,10.1
64,1,0.0005,0.35,40,64,single,16,3,auto,0.85,99927.2221846135,-0.0007277781538649287,27,0.4074074074074074,-0.00353364167425374,0.2059569761041564,7.4
128,3,0.001,0.2,20,128,single,16,3,auto,0.85,100277.64347780835,0.0027764347780834943,43,0.4883720930232558,-0.014369455415838117,0.19321781499271629,6.8
192,3,0.001,0.2,60,64,single,16,3,auto,0.85,99873.03351298695,-0.0012696648701305093,34,0.47058823529411764,-0.006768168384289064,0.1875935700828277,21.7
192,2,0.0005,0.5,40,128,single,16,3,auto,0.85,100023.70627176178,0.00023706271761780954,26,0.4230769230769231,-0.0015091741867742092,0.1570810842746524,13.4
192,3,0.001,0.5,40,128,single,16,5,auto,0.92,100075.0173752509,0.0007501737525089993,33,0.42424242424242425,-0.005032150917339218,0.14907616342032495,19.4
128,1,0.001,0.35,40,64,double,16,5,all,0.85,99855.33518888161,-0.0014466481111838948,27,0.4444444444444444,-0.01041243531064684,0.13893465534471844,7.8
64,3,0.0005,0.2,40,128,single,16,5,auto,0.92,100022.36455681153,0.00022364556811531655,13,0.6153846153846154,-0.0018295388273180668,0.12224149866398851,6.7
128,1,0.0005,0.2,60,64,single,16,3,all,0.85,100035.45944475893,0.0003545944475893339,23,0.4782608695652174,-0.0030448723480417383,0.11645626057768423,5.6
192,3,0.001,0.5,40,128,double,32,3,manual,0.85,99954.52726035965,-0.00045472739640346847,30,0.4666666666666667,-0.004239926654422521,0.10724888269686411,21.4
192,1,0.0005,0.35,40,128,single,16,5,manual,0.85,100038.07526848148,0.00038075268481479725,38,0.5,-0.003806981843960333,0.1000143159124466,9.2
128,2,0.001,0.2,40,128,single,16,5,manual,0.85,99942.95965532551,-0.0005704034467448946,40,0.35,-0.005706088270244991,0.09996400681695103,4.7
64,3,0.001,0.35,60,128,double,32,3,auto,0.92,100027.79598361546,0.0002779598361546232,29,0.4827586206896552,-0.0032212102520122743,0.08629049779690197,5.4
128,2,0.0005,0.35,40,128,single,16,5,auto,0.92,100016.43315214163,0.00016433152141631581,18,0.5,-0.0019131655141871873,0.08589508863593144,5.3
64,3,0.001,0.2,40,128,single,32,5,auto,0.92,99973.10106301674,-0.00026898936983256135,32,0.40625,-0.003409602080662988,0.07889171917101162,4.1
128,3,0.001,0.5,20,128,double,16,3,all,0.85,100012.4581602842,0.0001245816028419358,20,0.45,-0.0016618752583217322,0.07496447294590948,6.5
192,2,0.001,0.5,40,128,double,16,3,auto,0.85,99979.05364622702,-0.00020946353772975272,26,0.38461538461538464,-0.0030310443634107287,0.06910606134911555,14.1
64,1,0.0005,0.5,20,64,single,32,5,auto,0.85,100026.82146381118,0.00026821463811182186,13,0.6923076923076923,-0.004182746575006613,0.06412404703514647,7.7
192,3,0.001,0.35,60,128,double,16,5,manual,0.85,100026.93677584523,0.00026936775845228113,39,0.5128205128205128,-0.0044773992935220885,0.060161656531728815,32.5
192,2,0.001,0.2,40,128,single,16,3,auto,0.85,99984.81207421365,-0.00015187925786347477,42,0.40476190476190477,-0.0025391544801348642,0.0598148947028256,11.6
192,3,0.001,0.2,20,128,double,16,3,all,0.85,99993.68867821984,-6.311321780158324e-05,18,0.3888888888888889,-0.001232300695296118,0.05121576092790999,14.3
192,1,0.0005,0.5,60,64,double,32,5,all,0.85,99969.52992737664,-0.00030470072623356827,29,0.4482758620689655,-0.007550744566424461,0.04035373247672376,12.0
192,1,0.0005,0.2,60,128,double,16,3,auto,0.92,100005.08654846312,5.0865484631212895e-05,21,0.2857142857142857,-0.0014795102761132606,0.03437994683270385,12.8
64,3,0.001,0.5,20,64,double,32,5,auto,0.92,100010.57296065346,0.00010572960653458722,34,0.5294117647058824,-0.0033087836312137853,0.03195422194947261,9.3
64,1,0.001,0.35,20,128,single,16,5,auto,0.85,99996.66347463471,-3.336525365288253e-05,24,0.4166666666666667,-0.0015123032804457148,0.022062541346236402,3.5
192,2,0.001,0.2,40,128,double,32,3,all,0.85,100038.35481130698,0.0003835481130698463,47,0.44680851063829785,-0.02314300813706749,0.01657295848483622,15.1
64,2,0.001,0.5,20,64,single,16,3,all,0.85,100005.26830194685,5.268301946853171e-05,27,0.4444444444444444,-0.004182746575006613,0.012595317101765464,9.7
64,3,0.0005,0.35,60,64,single,16,5,manual,0.85,100003.3530722583,3.35307225829456e-05,35,0.5142857142857142,-0.0029302841668766844,0.011442822836764377,8.8
192,2,0.0005,0.35,60,64,single,32,5,manual,0.85,99998.32171064324,-1.6782893567578867e-05,47,0.46808510638297873,-0.003048019579902972,0.00550616330624527,12.7
64,1,0.0005,0.5,60,64,single,16,5,manual,0.85,99999.02898094416,-9.710190558398608e-06,52,0.4807692307692308,-0.0039008935655265864,0.0024892221218775594,6.0
128,3,0.001,0.2,60,128,single,16,3,manual,0.85,100000.0288585175,2.8858517500339076e-07,25,0.4,-0.0013717082902272582,0.00021038377988922072,4.5
128,2,0.001,0.35,20,128,single,32,3,auto,0.85,100000.0,0.0,0,0.0,0.0,0.0,3.0
